age_of_driver,car_age,region,number_of_claims
69,10,Urban,2
32,5,Rural,1
89,14,Urban,2
78,4,Urban,1
38,10,Urban,0
41,17,Urban,0
20,12,Urban,1
39,10,Urban,0
70,13,Suburban,0
19,17,Urban,1
47,18,Urban,2
55,14,Urban,0
19,8,Rural,2
81,7,Urban,0
77,19,Suburban,1
38,0,Suburban,0
50,3,Urban,1
75,13,Rural,1
39,1,Urban,1
66,15,Rural,0
76,2,Urban,1
59,7,Urban,0
77,5,Urban,1
32,15,Rural,1
79,15,Urban,0
79,6,Urban,1
64,12,Rural,0
79,12,Rural,0
68,4,Suburban,1
72,19,Urban,0
81,17,Suburban,0
20,14,Rural,0
68,17,Urban,0
24,1,Rural,0
38,9,Urban,0
56,12,Suburban,0
35,17,Urban,0
21,14,Rural,1
77,11,Urban,1
31,14,Suburban,0
26,12,Urban,1
70,17,Suburban,2
19,14,Suburban,1
77,10,Urban,0
88,18,Suburban,1
61,2,Suburban,0
25,6,Urban,0
64,13,Urban,1
52,13,Rural,1
53,12,Urban,0
67,11,Urban,1
21,8,Urban,1
19,0,Urban,0
23,18,Urban,0
71,10,Urban,1
21,18,Suburban,1
71,17,Suburban,0
80,11,Urban,0
35,0,Rural,2
61,18,Rural,0
51,19,Suburban,0
79,16,Urban,0
31,4,Urban,1
65,2,Suburban,0
32,1,Suburban,0
89,2,Suburban,0
79,7,Suburban,0
57,15,Urban,1
70,5,Rural,2
41,12,Urban,0
43,15,Urban,0
77,15,Suburban,1
58,2,Urban,0
46,12,Rural,0
32,13,Suburban,0
62,7,Urban,0
82,11,Suburban,0
88,7,Suburban,2
26,8,Rural,0
18,0,Urban,1
25,5,Urban,1
80,18,Urban,1
28,10,Urban,0
25,10,Urban,1
52,12,Suburban,0
52,10,Urban,0
50,17,Suburban,1
22,14,Urban,1
58,0,Rural,0
45,6,Suburban,1
24,12,Urban,0
89,11,Urban,0
29,17,Rural,0
51,18,Suburban,0
50,14,Rural,0
65,7,Urban,0
40,18,Urban,0
79,9,Suburban,0
54,6,Suburban,0
61,17,Rural,2
52,15,Suburban,0
82,19,Rural,1
64,5,Urban,0
20,8,Urban,1
18,12,Urban,0
22,7,Rural,2
31,15,Urban,0
44,12,Urban,0
26,12,Suburban,1
32,16,Rural,0
59,19,Rural,1
68,4,Suburban,0
80,16,Urban,0
69,8,Rural,0
21,1,Suburban,0
40,17,Rural,2
32,8,Urban,0
60,5,Urban,0
46,10,Suburban,0
53,5,Rural,0
30,5,Suburban,1
49,12,Rural,0
88,10,Rural,0
76,13,Suburban,0
45,1,Rural,0
83,7,Urban,0
59,2,Rural,0
62,2,Suburban,1
79,0,Urban,0
74,18,Urban,0
23,17,Urban,1
45,16,Suburban,0
45,19,Urban,0
61,12,Rural,1
47,2,Urban,0
79,0,Urban,0
79,3,Rural,0
18,12,Urban,0
44,16,Rural,0
79,10,Suburban,1
20,1,Suburban,0
87,15,Urban,0
89,1,Suburban,0
44,18,Rural,0
26,18,Suburban,2
79,15,Rural,0
54,18,Rural,0
68,8,Suburban,1
61,0,Suburban,2
41,9,Urban,1
76,18,Urban,0
49,0,Urban,0
69,1,Urban,1
79,15,Urban,1
75,11,Urban,1
69,7,Suburban,0
29,17,Urban,1
56,1,Rural,0
19,12,Urban,0
20,5,Urban,0
73,5,Urban,0
76,8,Urban,1
19,15,Suburban,0
19,10,Suburban,0
71,6,Urban,0
18,9,Rural,1
36,9,Rural,1
19,19,Suburban,0
70,17,Suburban,1
61,19,Rural,0
49,8,Rural,2
87,14,Suburban,0
49,3,Urban,0
85,7,Urban,0
72,8,Suburban,1
73,12,Suburban,0
34,8,Rural,1
55,3,Rural,0
41,16,Urban,3
86,15,Rural,1
87,14,Rural,0
28,2,Urban,1
33,19,Suburban,1
76,4,Suburban,0
87,4,Urban,1
20,19,Rural,1
37,14,Urban,1
76,17,Rural,0
53,14,Urban,0
36,1,Rural,2
84,12,Suburban,0
36,3,Urban,0
37,9,Suburban,0
88,12,Suburban,0
69,9,Urban,0
50,8,Urban,2
57,7,Suburban,0
56,2,Suburban,1
18,15,Urban,0
28,13,Urban,0
74,8,Urban,0
67,10,Suburban,1
40,2,Urban,0
48,4,Rural,0
59,9,Suburban,1
24,12,Urban,0
33,3,Rural,4
77,12,Urban,0
19,11,Suburban,0
18,4,Urban,0
65,9,Rural,2
29,8,Rural,0
86,19,Urban,2
54,6,Urban,1
49,1,Urban,0
26,6,Urban,1
36,7,Suburban,0
65,6,Suburban,0
20,13,Rural,2
37,18,Rural,0
41,4,Rural,0
71,17,Suburban,0
50,19,Urban,0
41,11,Urban,0
89,16,Urban,0
53,12,Rural,0
55,1,Urban,0
42,12,Urban,1
35,6,Urban,0
83,9,Suburban,0
71,5,Urban,0
52,2,Urban,0
78,2,Urban,2
58,17,Urban,0
50,10,Rural,0
85,19,Urban,1
50,4,Urban,0
31,18,Rural,2
38,18,Urban,2
65,14,Urban,0
37,15,Suburban,1
25,8,Urban,1
24,3,Urban,0
84,14,Urban,0
34,11,Rural,0
50,2,Rural,0
65,13,Rural,1
76,16,Suburban,1
39,18,Urban,0
47,5,Urban,0
55,3,Suburban,1
68,6,Suburban,3
71,18,Urban,3
25,16,Rural,1
44,15,Urban,1
44,14,Urban,0
38,7,Urban,0
47,18,Urban,0
45,7,Suburban,0
81,17,Rural,1
86,15,Urban,0
78,19,Urban,0
65,18,Suburban,0
36,9,Urban,0
21,16,Rural,0
52,12,Urban,0
81,12,Rural,1
66,6,Urban,0
34,9,Urban,0
61,1,Urban,1
47,3,Urban,0
63,5,Urban,0
23,17,Rural,0
54,5,Urban,0
41,16,Urban,0
63,13,Rural,0
70,10,Rural,0
77,18,Suburban,0
80,1,Rural,2
49,2,Rural,1
50,10,Rural,1
84,5,Suburban,1
35,13,Suburban,0
42,18,Urban,0
71,15,Urban,0
75,6,Urban,0
84,7,Rural,0
63,18,Suburban,1
41,19,Rural,0
49,15,Urban,0
64,6,Suburban,0
40,8,Suburban,0
83,12,Urban,1
44,0,Rural,0
19,7,Urban,1
34,3,Suburban,1
50,2,Suburban,0
26,2,Rural,0
60,12,Rural,0
65,7,Suburban,0
56,6,Rural,2
59,0,Urban,1
43,15,Suburban,1
67,5,Urban,1
42,6,Urban,1
41,11,Suburban,0
30,8,Suburban,0
77,10,Urban,0
24,9,Urban,0
74,0,Urban,2
53,17,Urban,0
62,3,Urban,1
37,4,Suburban,0
82,8,Urban,2
25,16,Rural,0
33,2,Urban,1
31,15,Suburban,1
32,4,Urban,1
83,15,Urban,1
49,2,Urban,0
80,19,Rural,1
68,14,Rural,0
42,2,Urban,1
75,19,Urban,1
80,13,Urban,0
79,15,Rural,1
39,16,Rural,1
75,19,Urban,1
75,17,Urban,0
66,17,Urban,1
69,13,Urban,1
59,17,Rural,2
87,14,Urban,0
32,14,Urban,0
71,5,Urban,0
77,14,Suburban,0
25,17,Suburban,0
70,3,Urban,0
77,7,Urban,0
22,14,Urban,0
85,2,Rural,1
23,14,Urban,0
64,12,Rural,1
72,8,Rural,1
57,1,Suburban,0
69,7,Urban,1
33,19,Suburban,0
30,16,Suburban,1
47,12,Urban,0
36,0,Urban,0
34,1,Urban,0
80,14,Urban,0
36,11,Urban,1
75,13,Rural,0
72,1,Urban,0
79,17,Suburban,4
40,6,Urban,2
26,5,Suburban,0
29,13,Urban,1
18,7,Suburban,0
75,1,Urban,0
18,16,Urban,1
51,4,Suburban,1
65,13,Urban,3
18,19,Rural,0
33,2,Rural,0
78,4,Rural,2
81,15,Rural,0
80,17,Suburban,0
86,16,Urban,0
39,10,Rural,0
84,16,Suburban,0
43,15,Urban,0
33,1,Urban,1
68,3,Suburban,0
74,6,Urban,1
46,1,Urban,0
86,5,Urban,0
64,16,Rural,0
79,6,Urban,0
86,4,Rural,0
33,4,Suburban,0
65,19,Urban,0
56,15,Rural,0
50,18,Suburban,1
40,8,Rural,1
27,4,Suburban,0
86,7,Urban,1
51,8,Suburban,0
69,4,Urban,1
27,9,Urban,2
36,1,Urban,0
75,8,Urban,0
18,10,Suburban,3
86,3,Urban,1
21,1,Rural,0
33,5,Suburban,1
41,13,Rural,1
19,0,Urban,1
49,17,Rural,0
41,6,Urban,0
29,0,Urban,0
67,0,Suburban,0
52,0,Urban,1
50,3,Urban,0
50,3,Suburban,0
78,17,Urban,0
68,10,Rural,2
60,0,Urban,0
29,9,Urban,1
84,8,Urban,0
82,3,Urban,0
50,5,Urban,0
57,15,Suburban,0
60,1,Rural,0
61,17,Suburban,1
46,9,Urban,0
30,16,Rural,0
29,12,Rural,0
63,17,Suburban,0
19,12,Urban,1
52,16,Rural,1
25,4,Suburban,1
43,10,Urban,0
51,6,Suburban,1
24,9,Urban,1
85,16,Suburban,3
75,14,Suburban,0
46,17,Rural,3
53,18,Urban,1
38,1,Urban,0
53,3,Suburban,0
27,2,Rural,0
41,6,Urban,1
81,17,Rural,1
66,9,Rural,0
53,6,Urban,0
41,7,Urban,0
40,5,Urban,0
79,0,Rural,2
54,3,Rural,0
29,13,Rural,0
72,16,Suburban,1
30,19,Suburban,0
40,17,Rural,0
47,10,Urban,1
34,13,Rural,0
79,8,Urban,2
30,14,Rural,0
76,11,Rural,2
36,9,Urban,1
66,18,Suburban,0
29,18,Urban,0
78,5,Rural,1
36,19,Urban,0
26,5,Suburban,0
88,7,Urban,1
45,0,Urban,1
69,16,Urban,0
33,16,Urban,0
86,14,Urban,0
29,6,Rural,0
42,18,Urban,0
69,2,Urban,0
70,10,Urban,1
40,19,Suburban,1
33,18,Rural,1
74,8,Suburban,1
56,9,Rural,1
70,1,Urban,1
59,0,Urban,0
75,15,Urban,0
56,17,Suburban,0
31,16,Suburban,0
22,5,Rural,1
52,13,Urban,0
35,14,Urban,0
26,13,Urban,1
75,2,Rural,0
34,18,Urban,1
24,11,Suburban,0
63,1,Urban,0
30,2,Suburban,1
57,17,Suburban,0
59,0,Suburban,0
26,19,Rural,0
67,5,Rural,1
44,4,Rural,0
83,0,Rural,0
22,18,Rural,2
46,0,Suburban,1
54,15,Suburban,0
55,11,Suburban,0
25,7,Suburban,0
82,15,Urban,1
34,0,Urban,0
88,3,Rural,0
62,9,Rural,0
21,10,Suburban,1
53,16,Urban,0
87,6,Rural,1
48,11,Rural,1
36,6,Urban,2
78,11,Rural,0
71,14,Suburban,0
56,1,Urban,0
36,13,Rural,0
56,12,Rural,0
84,3,Urban,1
62,13,Urban,0
30,13,Suburban,0
75,15,Urban,0
37,6,Urban,1
89,18,Urban,1
78,1,Rural,0
56,9,Rural,0
18,17,Rural,1
20,16,Urban,0
79,4,Suburban,0
80,11,Urban,1
42,5,Urban,0
73,8,Rural,0
50,19,Urban,2
55,0,Suburban,1
23,14,Suburban,0
75,5,Urban,2
61,18,Suburban,0
62,17,Suburban,1
49,5,Suburban,1
62,12,Urban,0
78,0,Rural,0
64,12,Urban,0
38,6,Suburban,0
53,14,Urban,0
36,11,Rural,2
37,0,Urban,0
74,14,Urban,0
35,3,Rural,0
64,12,Suburban,0
66,4,Rural,0
31,1,Suburban,0
32,0,Urban,0
48,15,Rural,0
18,5,Rural,1
71,15,Urban,4
20,13,Rural,0
33,2,Rural,0
74,14,Rural,3
29,2,Suburban,1
33,1,Rural,0
89,0,Urban,1
41,8,Urban,1
45,8,Rural,1
25,6,Urban,3
53,2,Urban,1
25,17,Urban,0
75,10,Rural,0
77,6,Urban,1
67,8,Suburban,1
45,0,Rural,0
58,13,Urban,1
81,19,Suburban,1
44,5,Rural,0
80,6,Rural,0
34,9,Rural,0
50,6,Urban,0
46,1,Rural,0
30,3,Urban,0
63,16,Suburban,0
52,0,Suburban,0
23,9,Rural,1
86,18,Urban,1
64,14,Urban,1
42,9,Urban,0
83,18,Rural,1
27,11,Urban,2
73,15,Rural,1
47,8,Urban,0
22,14,Suburban,0
50,16,Urban,1
82,13,Suburban,1
35,17,Suburban,0
66,1,Rural,1
28,3,Suburban,1
43,17,Urban,0
80,6,Rural,0
76,12,Urban,1
44,14,Urban,0
66,0,Rural,0
50,10,Rural,0
18,9,Rural,0
38,4,Urban,0
72,15,Urban,1
23,10,Urban,1
86,5,Urban,0
22,8,Urban,0
20,12,Urban,1
70,7,Urban,0
40,13,Suburban,0
70,0,Urban,1
54,16,Rural,2
34,4,Urban,0
18,1,Suburban,0
68,8,Rural,0
62,3,Urban,0
21,16,Rural,0
79,16,Urban,0
82,17,Rural,0
49,15,Urban,0
51,7,Suburban,1
89,10,Urban,1
56,17,Urban,0
43,9,Suburban,0
51,12,Urban,0
71,16,Suburban,0
20,17,Rural,2
67,9,Suburban,0
29,15,Urban,0
82,19,Suburban,0
71,4,Suburban,0
22,12,Urban,0
74,17,Urban,0
34,16,Urban,0
64,8,Suburban,0
40,13,Urban,0
31,16,Rural,0
83,3,Urban,1
68,17,Urban,3
55,19,Rural,1
81,14,Suburban,0
55,10,Rural,0
67,11,Suburban,3
47,8,Rural,2
68,12,Urban,0
80,14,Urban,3
69,14,Rural,0
55,4,Suburban,0
47,18,Suburban,1
68,19,Urban,0
22,13,Urban,0
46,16,Urban,2
21,17,Suburban,1
27,2,Suburban,0
73,1,Suburban,0
34,0,Urban,1
34,9,Rural,1
86,18,Rural,0
51,16,Urban,1
23,11,Rural,1
70,0,Urban,0
83,11,Urban,0
60,16,Suburban,0
40,2,Suburban,1
72,10,Urban,0
33,16,Rural,0
25,2,Urban,1
21,7,Suburban,0
21,19,Suburban,0
73,3,Suburban,1
42,6,Suburban,0
84,13,Urban,1
84,13,Urban,1
44,3,Rural,1
49,15,Urban,1
67,0,Suburban,1
78,16,Urban,0
68,9,Urban,1
36,15,Urban,0
38,15,Suburban,0
22,7,Urban,0
59,6,Rural,2
78,5,Urban,2
39,15,Urban,1
38,19,Rural,1
87,15,Suburban,0
18,6,Rural,0
22,8,Suburban,0
29,13,Urban,1
63,10,Urban,0
51,13,Suburban,1
66,6,Urban,0
62,0,Rural,2
44,12,Suburban,0
43,19,Urban,1
64,2,Suburban,0
73,19,Urban,0
80,3,Urban,0
65,10,Urban,1
78,1,Suburban,2
43,13,Urban,0
53,11,Suburban,1
18,16,Suburban,0
25,11,Rural,1
69,11,Rural,0
64,0,Rural,2
73,12,Urban,1
31,13,Rural,0
45,1,Rural,2
19,11,Suburban,0
43,15,Suburban,0
31,3,Suburban,0
76,7,Suburban,0
73,1,Rural,0
24,9,Rural,0
20,8,Suburban,0
40,14,Urban,0
35,12,Suburban,1
55,16,Urban,0
32,15,Rural,2
81,1,Suburban,0
45,19,Suburban,1
56,19,Urban,1
74,13,Suburban,0
34,2,Rural,0
61,11,Urban,2
42,7,Suburban,0
34,1,Rural,0
30,3,Rural,0
42,13,Urban,1
85,15,Rural,1
27,18,Rural,2
84,1,Urban,0
35,11,Urban,0
51,13,Suburban,0
25,5,Rural,0
57,12,Suburban,0
59,3,Urban,1
58,17,Urban,3
23,11,Urban,0
69,19,Urban,0
43,18,Rural,0
81,7,Rural,0
76,6,Rural,1
73,15,Urban,0
76,18,Rural,1
87,5,Urban,0
50,19,Urban,1
70,10,Suburban,1
39,4,Rural,1
38,15,Rural,0
87,6,Urban,0
87,4,Suburban,0
21,10,Rural,0
79,14,Suburban,0
79,2,Urban,0
41,4,Suburban,0
72,4,Suburban,0
26,8,Suburban,0
20,14,Urban,1
48,2,Urban,0
57,5,Urban,2
53,16,Urban,0
41,7,Suburban,0
23,10,Urban,0
83,5,Urban,1
21,7,Urban,1
23,9,Urban,0
68,2,Urban,1
79,13,Suburban,0
74,13,Rural,3
83,9,Urban,0
25,11,Urban,1
43,5,Urban,1
68,11,Urban,0
62,13,Rural,1
61,1,Suburban,0
22,8,Suburban,0
87,9,Suburban,0
43,16,Urban,0
85,16,Suburban,0
36,2,Suburban,0
37,18,Suburban,1
29,0,Urban,1
64,11,Suburban,0
18,6,Suburban,0
31,3,Suburban,2
81,9,Urban,0
55,12,Suburban,0
54,1,Suburban,3
28,9,Rural,1
20,3,Rural,0
50,17,Suburban,0
23,4,Urban,0
67,18,Rural,2
27,1,Rural,1
22,11,Suburban,1
40,16,Urban,1
27,9,Rural,1
61,1,Rural,1
19,5,Suburban,0
30,7,Rural,1
57,18,Suburban,1
19,10,Suburban,0
82,11,Urban,1
80,8,Urban,0
34,1,Urban,0
26,7,Urban,0
32,10,Rural,1
41,3,Suburban,2
55,9,Suburban,1
52,19,Urban,0
66,15,Urban,0
86,7,Rural,0
79,3,Rural,1
77,9,Urban,0
67,11,Suburban,1
26,13,Suburban,1
51,15,Urban,0
52,17,Suburban,1
18,11,Urban,1
57,17,Suburban,0
81,6,Rural,0
39,19,Urban,0
77,6,Suburban,1
81,8,Rural,1
89,0,Suburban,1
28,5,Urban,3
31,5,Urban,0
77,11,Urban,0
47,11,Rural,0
52,9,Rural,0
54,5,Urban,0
22,16,Rural,1
43,18,Rural,0
79,17,Suburban,1
21,5,Rural,1
59,18,Suburban,0
35,9,Rural,0
57,7,Rural,1
89,5,Urban,1
56,6,Urban,0
31,0,Urban,1
49,17,Rural,1
68,19,Urban,0
55,11,Urban,2
40,15,Suburban,1
80,9,Urban,1
32,9,Urban,0
42,13,Urban,0
34,19,Suburban,0
83,9,Urban,0
70,9,Rural,0
68,10,Rural,2
56,1,Rural,0
68,19,Rural,0
87,7,Suburban,1
23,6,Urban,0
84,7,Urban,0
24,0,Urban,0
68,1,Urban,0
89,17,Urban,0
59,14,Urban,0
81,0,Rural,0
32,4,Rural,0
46,1,Urban,0
50,19,Suburban,0
44,2,Urban,2
53,18,Urban,0
46,17,Rural,1
55,17,Urban,0
74,13,Urban,0
44,7,Urban,2
72,11,Suburban,0
50,9,Suburban,3
85,19,Urban,0
83,16,Suburban,1
27,10,Suburban,0
22,1,Rural,0
55,3,Suburban,2
30,0,Urban,1
48,14,Urban,1
64,12,Rural,0
69,7,Rural,0
73,3,Rural,0
32,9,Rural,0
46,18,Suburban,0
25,17,Suburban,1
22,4,Suburban,0
46,18,Suburban,0
64,15,Suburban,0
85,0,Urban,0
62,11,Urban,1
19,1,Rural,1
44,7,Suburban,0
53,17,Rural,0
53,15,Suburban,1
43,4,Urban,0
60,12,Urban,1
44,18,Suburban,0
86,2,Urban,1
37,7,Urban,0
28,11,Urban,2
55,1,Urban,0
23,10,Suburban,2
89,11,Urban,0
40,17,Rural,0
64,12,Urban,4
63,4,Suburban,0
29,11,Urban,1
30,1,Rural,0
79,4,Suburban,0
77,6,Urban,1
60,11,Suburban,0
85,15,Rural,1
22,7,Urban,0
54,8,Urban,1
89,14,Suburban,0
48,4,Suburban,0
26,12,Urban,2
68,4,Urban,1
46,10,Suburban,0
57,9,Rural,0
58,19,Suburban,0
28,12,Urban,1
40,8,Suburban,1
18,13,Urban,0
63,17,Urban,0
38,14,Rural,0
53,9,Suburban,0
71,6,Urban,0
74,7,Rural,0
18,2,Rural,0
80,14,Rural,0
71,15,Suburban,0
72,3,Suburban,0
57,5,Urban,0
32,0,Suburban,0
38,3,Suburban,0
64,10,Suburban,0
70,11,Rural,0
26,4,Suburban,0
69,15,Urban,1
74,12,Urban,1
43,12,Suburban,0
58,16,Urban,1
52,6,Urban,1
80,7,Suburban,0
42,12,Suburban,1
55,15,Urban,0
19,3,Suburban,0
24,7,Rural,0
51,15,Rural,0
34,9,Suburban,0
60,11,Urban,2
76,11,Urban,1
68,4,Urban,0
71,15,Rural,2
41,0,Rural,0
42,8,Suburban,0
88,11,Suburban,1
69,4,Rural,1
87,19,Suburban,1
50,2,Urban,0
66,4,Urban,0
46,1,Suburban,1
80,13,Urban,0
39,1,Urban,1
43,12,Rural,0
45,6,Urban,0
66,9,Suburban,0
88,12,Urban,0
66,15,Urban,0
37,13,Urban,1
80,10,Rural,1
78,9,Urban,2
66,5,Rural,1
88,3,Suburban,0
18,0,Suburban,0
30,6,Urban,0
68,8,Rural,1
73,7,Rural,0
79,4,Suburban,2
49,18,Suburban,0
47,9,Urban,0
46,10,Suburban,1
66,14,Urban,0
62,5,Urban,0
47,14,Urban,0
33,4,Rural,0
57,18,Rural,0
36,18,Urban,0
35,9,Rural,0
18,11,Urban,0
64,3,Rural,0
83,17,Urban,1
55,15,Urban,0
68,7,Urban,0
80,3,Urban,0
21,11,Rural,0
18,1,Urban,0
25,3,Rural,0
46,4,Urban,1
72,2,Rural,0
20,8,Suburban,0
49,17,Urban,1
27,10,Rural,1
51,2,Urban,3
72,1,Rural,0
49,8,Urban,0
67,13,Rural,1
24,3,Rural,0
25,8,Suburban,0
82,12,Rural,0
74,17,Rural,0
84,14,Urban,0
76,9,Suburban,0
89,15,Suburban,0
71,11,Urban,3
84,19,Suburban,1
68,4,Urban,0
25,1,Suburban,0
51,9,Suburban,0
52,0,Urban,0
49,6,Suburban,1
63,16,Urban,0
33,15,Urban,0
85,2,Urban,0
54,13,Suburban,0
71,9,Urban,0
31,6,Urban,1
72,16,Suburban,0
65,5,Urban,2
24,3,Urban,1
24,16,Urban,0
50,8,Urban,2
40,3,Rural,0
36,6,Urban,1
36,1,Suburban,0
53,16,Suburban,0
46,7,Urban,0
77,14,Urban,1
19,14,Urban,0
18,7,Rural,0
64,15,Urban,0
86,18,Urban,0
37,10,Suburban,0
28,1,Urban,0
19,16,Urban,1
84,15,Suburban,0
29,14,Rural,0
37,12,Urban,1
22,14,Rural,1
54,3,Urban,2
55,15,Suburban,2
26,11,Rural,0
70,3,Suburban,0
61,2,Suburban,1
41,16,Suburban,0
47,17,Suburban,0
76,17,Rural,1
31,16,Urban,0
26,11,Rural,1
57,3,Rural,0
83,11,Suburban,0
42,19,Urban,0
39,14,Suburban,0
21,15,Suburban,0
43,4,Suburban,0
75,14,Suburban,0
46,16,Urban,0
54,17,Urban,0
87,4,Urban,1
35,12,Urban,2
59,18,Rural,1
58,12,Suburban,1
55,17,Suburban,1
51,13,Rural,1
34,3,Urban,1
54,3,Urban,1
42,19,Urban,0
44,19,Urban,2
74,18,Rural,1
48,12,Urban,1
23,11,Urban,0
57,6,Urban,1
29,11,Rural,0
70,3,Rural,0
88,1,Rural,0
27,1,Urban,1
62,4,Suburban,0
34,9,Urban,0
43,9,Rural,0
79,8,Suburban,0
63,12,Rural,0
81,6,Suburban,2
19,4,Urban,1
71,9,Rural,1
82,9,Urban,1
68,5,Rural,0
70,18,Urban,0
53,7,Urban,0
43,0,Rural,0
46,16,Rural,0
38,6,Urban,0
28,13,Rural,1
57,16,Rural,1
28,8,Urban,2
53,16,Rural,1
76,4,Suburban,1
56,19,Rural,0
71,7,Urban,0
72,5,Urban,0
41,10,Rural,0
39,18,Suburban,1
86,3,Rural,0
73,17,Urban,0
50,0,Rural,0
53,12,Suburban,0
37,13,Urban,1
79,0,Suburban,0
43,10,Suburban,0
83,16,Urban,0
57,3,Suburban,1
34,11,Urban,0
18,9,Suburban,0
78,5,Urban,0
60,0,Urban,0
59,6,Rural,0
42,15,Suburban,1
56,13,Urban,0
52,19,Rural,0
20,19,Urban,0
61,5,Urban,0
68,4,Urban,2
29,17,Rural,0
36,14,Urban,0
61,5,Urban,0
76,18,Urban,1
66,0,Urban,1
78,0,Rural,0
34,12,Suburban,1
74,2,Urban,1
72,9,Suburban,0
64,2,Suburban,0
29,8,Rural,0
79,7,Rural,0
25,2,Suburban,1
38,12,Urban,0
87,5,Rural,1
89,12,Rural,1
42,19,Rural,0
29,19,Suburban,2
32,11,Urban,1
76,12,Rural,0
43,1,Rural,0
43,15,Urban,0
64,5,Urban,1
49,18,Rural,2
27,12,Suburban,2
33,16,Rural,2
88,8,Suburban,1
34,16,Urban,1
40,1,Urban,0
43,18,Urban,1
24,18,Urban,0
31,6,Urban,0
24,9,Urban,0
26,9,Suburban,0
65,19,Suburban,0
89,8,Urban,0
76,16,Urban,0
56,14,Urban,0
35,1,Rural,0
76,3,Urban,0
34,18,Urban,0
31,16,Suburban,0
48,4,Suburban,1
41,6,Urban,0
77,17,Urban,1
62,6,Urban,2
20,16,Suburban,0
54,6,Rural,0
60,3,Urban,0
57,7,Suburban,0
72,12,Urban,0
56,3,Urban,1
32,5,Urban,0
21,4,Rural,1
42,11,Urban,0
30,3,Urban,0
50,8,Urban,0
33,3,Urban,1
59,18,Suburban,0
83,13,Urban,0
72,4,Urban,0
59,17,Rural,0
51,9,Suburban,2
47,18,Suburban,0
30,11,Rural,1
30,17,Urban,0
35,16,Suburban,0
49,10,Rural,0
56,2,Urban,0
63,16,Suburban,2
46,0,Urban,0
79,14,Suburban,1
79,8,Suburban,1
74,14,Rural,0
33,2,Suburban,0
73,18,Suburban,1
27,12,Urban,0
47,11,Urban,0
42,19,Urban,4
22,0,Urban,0
82,16,Suburban,0
66,12,Urban,0
20,0,Urban,2
62,9,Rural,1
31,14,Suburban,0
47,6,Urban,0
85,17,Urban,0
35,15,Urban,0
79,13,Rural,0
54,17,Urban,0
42,6,Rural,0
65,16,Urban,1
82,17,Urban,0
70,11,Suburban,1
32,7,Urban,0
66,1,Urban,1
85,6,Urban,1
29,3,Rural,0
76,17,Rural,0
54,5,Urban,0
78,8,Urban,1
60,8,Urban,2
87,13,Rural,1
56,7,Suburban,1
73,18,Rural,0
80,2,Rural,0
63,17,Urban,1
28,4,Urban,0
79,13,Urban,1
42,3,Urban,0
88,6,Urban,0
69,19,Rural,1
21,11,Rural,1
76,1,Suburban,0
89,10,Urban,0
37,13,Rural,1
80,15,Suburban,4
71,19,Rural,0
74,5,Urban,1
58,3,Urban,3
20,14,Urban,1
23,0,Urban,1
22,6,Suburban,2
22,11,Urban,1
71,9,Urban,1
64,4,Suburban,0
66,11,Suburban,0
26,17,Rural,1
37,9,Rural,0
78,5,Urban,2
52,11,Urban,2
67,6,Urban,0
79,17,Rural,0
34,1,Suburban,1
20,9,Urban,0
49,14,Rural,1
30,11,Urban,1
85,16,Rural,0
31,3,Urban,1
28,6,Urban,0
73,8,Suburban,1
84,18,Rural,1
46,6,Rural,0
26,1,Urban,1
84,5,Urban,1
42,17,Urban,1
59,5,Suburban,0
26,12,Suburban,0
57,18,Urban,0
42,1,Urban,1
22,11,Suburban,0
28,14,Urban,0
76,13,Rural,1
55,5,Urban,0
89,17,Suburban,0
22,4,Rural,0
65,17,Suburban,1
35,2,Suburban,0
87,2,Urban,1
54,9,Suburban,0
77,18,Suburban,1
65,2,Urban,1
45,11,Urban,0
86,15,Urban,1
57,16,Rural,0
62,6,Urban,0
79,12,Rural,1
75,1,Urban,1
84,3,Suburban,0
73,9,Urban,0
57,6,Urban,0
57,16,Rural,1
50,19,Rural,0
23,5,Urban,0
36,18,Urban,1
57,4,Urban,1
76,9,Suburban,0
76,8,Suburban,1
65,12,Rural,0
58,18,Suburban,2
30,5,Suburban,0
62,3,Urban,0
70,2,Suburban,0
59,2,Suburban,1
80,3,Urban,1
44,4,Urban,2
55,7,Urban,0
77,15,Urban,1
24,2,Suburban,1
22,11,Rural,0
62,7,Suburban,1
75,12,Suburban,1
48,3,Rural,1
40,13,Rural,0
59,13,Urban,0
27,12,Urban,1
49,5,Rural,1
70,16,Urban,1
47,3,Urban,0
56,7,Suburban,0
48,16,Rural,0
19,2,Urban,0
29,16,Rural,0
56,8,Suburban,1
83,1,Urban,2
30,12,Urban,1
63,19,Suburban,1
44,1,Urban,1
34,19,Urban,0
77,10,Rural,1
81,14,Suburban,0
52,10,Urban,1
87,2,Urban,1
47,2,Urban,1
88,11,Suburban,0
80,4,Urban,0
45,19,Rural,0
77,6,Suburban,0
54,6,Urban,0
39,12,Suburban,0
85,8,Suburban,0
37,12,Suburban,0
85,11,Urban,0
81,12,Rural,0
34,9,Suburban,1
29,0,Suburban,0
39,7,Urban,0
34,15,Suburban,1
27,12,Urban,1
82,2,Urban,0
39,2,Urban,1
67,4,Suburban,0
31,10,Rural,1
81,6,Rural,1
64,9,Suburban,2
46,9,Urban,1
53,19,Rural,0
69,1,Urban,0
24,2,Urban,0
46,7,Rural,1
28,10,Suburban,1
50,12,Rural,0
23,6,Suburban,0
49,12,Urban,1
68,1,Urban,1
75,5,Rural,1
43,8,Urban,0
63,19,Urban,1
46,1,Rural,0
21,17,Urban,0
30,15,Urban,0
56,11,Rural,0
32,6,Rural,1
46,6,Suburban,0
46,16,Rural,0
49,12,Urban,2
19,10,Suburban,0
64,5,Suburban,2
39,13,Urban,1
44,5,Urban,0
84,5,Rural,0
73,1,Rural,0
38,19,Suburban,2
64,14,Suburban,0
76,16,Rural,0
23,7,Suburban,0
36,4,Rural,0
74,16,Urban,0
86,19,Suburban,1
20,0,Urban,1
18,17,Suburban,1
75,14,Suburban,0
55,4,Rural,1
32,6,Rural,0
51,17,Rural,0
78,5,Urban,0
52,4,Urban,1
81,18,Rural,0
42,9,Suburban,0
41,14,Rural,1
29,9,Urban,1
35,15,Rural,0
32,11,Suburban,0
44,17,Rural,0
89,0,Rural,0
77,15,Suburban,1
63,5,Rural,1
34,2,Urban,0
70,1,Suburban,0
25,1,Urban,1
44,12,Suburban,0
63,8,Urban,0
67,15,Urban,0
88,4,Suburban,0
20,6,Urban,4
81,12,Suburban,0
61,19,Suburban,0
70,12,Suburban,1
41,6,Suburban,0
77,9,Urban,0
20,14,Suburban,0
37,5,Urban,0
63,4,Urban,0
32,1,Suburban,0
42,14,Urban,1
88,15,Rural,1
34,18,Rural,0
26,8,Rural,0
55,18,Suburban,0
65,6,Urban,1
77,3,Rural,2
80,2,Suburban,0
19,19,Rural,0
89,10,Urban,0
28,0,Rural,0
81,5,Urban,0
89,10,Urban,0
38,0,Suburban,0
35,6,Rural,0
81,5,Suburban,1
55,13,Suburban,1
49,1,Rural,0
28,3,Urban,0
62,10,Urban,0
50,14,Urban,2
58,17,Suburban,0
25,0,Urban,1
28,2,Urban,1
68,2,Rural,0
58,6,Urban,1
34,0,Urban,1
63,10,Rural,0
49,5,Urban,1
71,19,Urban,0
37,2,Urban,1
50,18,Suburban,0
57,1,Rural,2
49,17,Urban,0
19,11,Rural,2
50,9,Urban,0
47,4,Suburban,0
50,8,Urban,1
43,1,Rural,1
39,1,Suburban,0
83,5,Suburban,0
55,9,Urban,2
63,17,Urban,0
32,11,Suburban,0
61,3,Urban,0
66,16,Suburban,2
78,14,Suburban,0
84,5,Suburban,1
23,15,Urban,0
26,16,Suburban,3
23,2,Rural,0
49,9,Suburban,0
58,4,Urban,0
25,13,Urban,1
89,12,Urban,1
67,5,Urban,0
79,11,Rural,1
79,7,Suburban,0
24,4,Urban,0
21,14,Suburban,0
23,15,Urban,0
75,0,Urban,0
39,15,Urban,1
43,4,Urban,0
20,2,Suburban,0
58,19,Urban,1
77,14,Rural,1
31,12,Rural,0
29,15,Suburban,3
29,10,Urban,0
30,1,Urban,1
42,5,Urban,1
62,5,Urban,0
36,13,Urban,1
72,10,Suburban,2
62,7,Rural,0
25,7,Rural,1
70,0,Rural,1
72,6,Urban,0
49,5,Urban,0
68,7,Suburban,0
61,18,Suburban,1
87,19,Suburban,1
35,7,Suburban,0
39,13,Urban,0
54,17,Urban,0
73,15,Urban,0
76,8,Urban,0
20,14,Urban,0
45,9,Rural,0
52,15,Rural,0
78,3,Suburban,0
71,19,Suburban,0
80,12,Suburban,0
24,4,Urban,1
66,6,Urban,1
48,8,Rural,1
75,7,Urban,1
78,15,Urban,1
41,5,Urban,0
37,15,Urban,1
54,5,Rural,1
21,13,Urban,0
37,0,Rural,1
77,8,Rural,0
41,12,Urban,1
67,18,Urban,1
66,16,Urban,0
68,10,Urban,0
53,7,Suburban,0
83,4,Suburban,1
51,9,Rural,0
53,6,Urban,0
23,9,Rural,2
56,3,Rural,0
59,8,Rural,1
75,13,Rural,0
29,1,Rural,0
20,8,Rural,0
35,0,Suburban,0
57,9,Urban,1
38,9,Suburban,0
32,19,Urban,2
43,2,Urban,0
25,5,Suburban,0
59,5,Suburban,0
61,1,Urban,0
31,17,Urban,0
19,1,Urban,0
54,11,Rural,0
86,4,Suburban,0
55,19,Suburban,0
58,6,Rural,1
79,15,Urban,0
77,19,Rural,0
31,0,Urban,0
19,0,Suburban,0
87,16,Suburban,0
34,0,Rural,2
45,19,Urban,1
83,12,Urban,0
52,8,Urban,1
22,14,Suburban,1
82,2,Rural,0
57,13,Urban,1
73,10,Rural,0
53,11,Suburban,0
62,12,Urban,0
40,12,Suburban,2
64,0,Suburban,0
48,9,Suburban,1
28,2,Urban,0
27,3,Urban,0
84,15,Urban,1
31,7,Urban,0
27,15,Urban,0
18,16,Rural,0
22,18,Rural,0
37,14,Suburban,0
25,15,Urban,0
60,14,Rural,0
18,1,Suburban,0
74,10,Suburban,2
81,0,Suburban,0
45,14,Suburban,0
54,18,Suburban,1
64,3,Urban,0
54,10,Rural,1
66,4,Urban,1
61,2,Urban,0
73,12,Urban,0
45,9,Urban,2
23,10,Urban,0
78,17,Urban,0
37,1,Urban,0
19,6,Suburban,0
54,8,Urban,0
37,9,Suburban,0
43,17,Urban,1
46,6,Suburban,0
18,6,Suburban,0
52,2,Rural,1
87,11,Rural,1
76,6,Urban,2
86,16,Suburban,1
50,0,Suburban,0
68,4,Suburban,0
29,15,Rural,0
37,14,Urban,1
70,1,Suburban,0
60,8,Urban,0
67,6,Rural,0
46,3,Urban,1
74,19,Suburban,1
56,17,Urban,0
73,3,Urban,1
60,12,Rural,0
67,0,Suburban,0
40,2,Rural,0
61,15,Urban,1
55,3,Urban,0
40,15,Suburban,0
62,18,Suburban,0
69,0,Suburban,3
67,4,Rural,0
25,18,Suburban,0
18,10,Urban,1
25,12,Rural,0
46,19,Rural,1
22,4,Urban,0
64,3,Suburban,0
51,3,Rural,0
82,3,Urban,0
72,3,Urban,0
60,19,Urban,0
47,17,Rural,0
34,17,Urban,1
43,15,Urban,1
25,8,Rural,0
64,17,Rural,1
89,1,Suburban,0
63,3,Rural,1
85,11,Suburban,0
50,6,Suburban,0
18,14,Suburban,1
36,6,Rural,0
48,16,Urban,0
31,15,Suburban,0
70,18,Urban,0
65,8,Urban,0
86,13,Urban,0
79,16,Urban,0
83,4,Suburban,0
81,1,Rural,1
87,19,Rural,0
80,15,Rural,0
50,13,Rural,2
58,13,Urban,0
65,0,Rural,1
30,2,Suburban,0
48,6,Urban,0
85,14,Suburban,2
21,18,Urban,1
36,19,Urban,0
87,1,Urban,0
30,18,Urban,1
40,8,Suburban,1
18,18,Suburban,0
71,4,Urban,0
88,17,Rural,0
32,15,Suburban,1
82,3,Urban,0
88,11,Urban,0
32,6,Suburban,0
38,13,Rural,0
36,11,Suburban,0
77,2,Urban,1
50,4,Suburban,0
66,16,Urban,0
52,9,Urban,0
61,9,Rural,0
28,10,Urban,0
89,16,Urban,0
83,4,Urban,1
63,12,Urban,2
26,9,Suburban,0
20,8,Rural,0
43,16,Urban,0
89,0,Urban,2
65,3,Urban,0
83,3,Rural,0
87,17,Urban,0
45,8,Suburban,1
43,17,Urban,0
42,13,Urban,1
29,14,Suburban,0
22,5,Suburban,0
65,9,Urban,0
54,14,Suburban,2
61,3,Rural,1
32,17,Suburban,1
60,17,Rural,0
65,16,Rural,1
87,11,Suburban,0
63,6,Urban,1
60,15,Rural,1
38,10,Rural,0
40,13,Urban,0
64,2,Urban,1
32,18,Urban,1
42,17,Rural,1
53,9,Rural,1
68,5,Rural,1
32,12,Urban,0
85,9,Rural,1
38,17,Suburban,1
30,19,Urban,0
36,15,Rural,0
51,5,Suburban,0
85,12,Suburban,1
69,3,Rural,0
44,13,Suburban,0
46,0,Urban,0
45,19,Suburban,0
52,4,Urban,0
25,7,Urban,0
33,11,Urban,0
53,1,Suburban,1
47,11,Urban,0
35,4,Urban,4
19,4,Urban,1
66,12,Suburban,0
21,8,Suburban,1
24,9,Rural,1
56,0,Rural,0
30,2,Rural,1
48,17,Urban,0
88,11,Suburban,1
80,2,Urban,1
73,8,Urban,0
59,1,Urban,1
78,2,Rural,0
59,13,Rural,0
73,3,Rural,1
53,18,Urban,1
85,12,Rural,1
24,6,Urban,0
71,11,Urban,0
18,2,Urban,1
61,8,Suburban,0
62,1,Urban,1
64,8,Rural,2
30,11,Suburban,1
39,11,Rural,0
38,14,Rural,0
26,1,Urban,0
43,17,Urban,0
26,12,Rural,0
32,13,Rural,0
27,4,Suburban,1
59,9,Suburban,0
89,11,Urban,0
41,9,Urban,0
66,10,Rural,0
43,1,Urban,0
54,4,Urban,3
85,6,Suburban,0
67,5,Urban,0
41,2,Suburban,1
36,12,Suburban,0
77,2,Suburban,0
56,5,Urban,0
35,10,Urban,3
36,16,Rural,1
53,9,Urban,1
72,11,Urban,0
86,16,Urban,1
64,3,Urban,2
66,1,Urban,0
50,10,Suburban,0
38,6,Urban,1
39,1,Urban,0
65,17,Rural,0
54,3,Suburban,0
32,7,Urban,1
52,19,Urban,0
88,13,Rural,1
49,11,Suburban,0
28,17,Suburban,0
27,10,Rural,0
74,7,Urban,0
42,1,Rural,4
19,14,Urban,0
81,8,Rural,0
52,18,Suburban,1
24,19,Suburban,0
35,7,Urban,0
84,18,Urban,0
59,4,Rural,0
56,10,Suburban,1
58,14,Suburban,1
41,7,Urban,3
77,18,Urban,0
63,7,Rural,0
36,18,Urban,0
85,17,Suburban,1
59,9,Rural,0
49,6,Suburban,0
56,8,Rural,0
53,0,Suburban,2
53,18,Urban,0
20,4,Suburban,1
25,18,Urban,0
87,0,Rural,2
58,14,Urban,0
85,15,Rural,0
30,6,Urban,0
66,11,Urban,0
77,7,Suburban,0
19,4,Urban,0
77,9,Suburban,0
22,4,Suburban,0
61,16,Urban,0
44,4,Rural,0
49,14,Urban,1
38,12,Urban,0
25,0,Urban,1
89,10,Suburban,1
67,0,Urban,1
84,10,Rural,1
61,17,Rural,2
75,17,Suburban,0
20,15,Urban,0
87,12,Rural,0
19,6,Rural,0
61,0,Rural,2
19,15,Suburban,0
52,0,Suburban,0
47,16,Urban,1
25,5,Rural,2
39,1,Urban,0
61,16,Urban,0
75,5,Rural,1
53,13,Urban,1
86,17,Urban,1
48,5,Suburban,1
64,9,Urban,1
72,17,Suburban,0
79,8,Rural,2
47,7,Rural,1
72,9,Suburban,1
33,16,Urban,1
29,5,Urban,0
34,13,Urban,0
33,5,Urban,0
29,6,Suburban,1
25,11,Suburban,2
20,2,Urban,1
33,13,Urban,0
47,18,Urban,0
40,15,Urban,0
22,6,Rural,1
82,7,Urban,1
47,17,Rural,1
38,12,Urban,0
87,8,Urban,1
39,9,Rural,1
89,8,Rural,0
49,14,Suburban,1
50,19,Suburban,1
33,1,Urban,0
55,12,Urban,0
31,1,Suburban,0
53,18,Suburban,0
40,1,Suburban,0
83,2,Urban,0
19,5,Suburban,1
82,2,Urban,0
84,9,Suburban,0
69,5,Suburban,0
79,15,Urban,0
40,16,Suburban,0
43,18,Urban,0
85,2,Suburban,2
72,17,Urban,0
23,6,Suburban,1
52,8,Urban,2
39,19,Suburban,0
60,11,Rural,2
32,4,Rural,1
77,2,Urban,0
29,10,Suburban,2
66,3,Urban,1
59,4,Rural,0
55,0,Urban,0
62,17,Suburban,0
52,11,Urban,1
47,12,Urban,2
47,8,Urban,0
23,1,Urban,2
84,4,Urban,0
24,12,Rural,0
69,15,Suburban,0
31,15,Suburban,0
32,2,Rural,2
38,3,Urban,0
52,10,Rural,0
83,13,Urban,1
19,2,Suburban,1
52,15,Urban,1
37,14,Urban,0
27,9,Urban,1
42,8,Suburban,0
83,10,Urban,0
42,15,Rural,0
71,9,Urban,0
50,16,Suburban,1
53,18,Suburban,0
31,1,Urban,0
82,1,Rural,0
71,5,Suburban,0
69,18,Rural,0
20,7,Rural,1
58,2,Rural,0
23,13,Rural,3
42,15,Urban,1
30,0,Suburban,0
25,2,Urban,0
38,17,Urban,2
85,8,Suburban,1
42,5,Urban,1
85,0,Urban,1
62,9,Rural,0
77,5,Suburban,0
29,11,Suburban,0
49,3,Suburban,0
30,12,Suburban,1
48,16,Urban,1
37,7,Urban,0
35,19,Suburban,0
77,2,Urban,0
80,11,Rural,0
23,6,Rural,0
49,11,Urban,0
60,1,Suburban,1
19,13,Rural,1
77,4,Rural,1
40,8,Suburban,0
48,10,Rural,0
22,4,Urban,1
51,2,Rural,0
27,16,Suburban,1
19,1,Suburban,0
28,0,Suburban,0
67,6,Suburban,1
48,13,Urban,0
73,4,Suburban,0
26,18,Suburban,0
38,10,Urban,1
45,1,Urban,0
79,7,Suburban,0
24,8,Suburban,0
33,2,Suburban,0
21,1,Suburban,0
21,6,Rural,0
57,4,Rural,1
34,4,Rural,0
69,19,Urban,0
69,12,Suburban,0
53,19,Rural,1
55,5,Rural,0
67,19,Rural,1
80,17,Rural,0
80,1,Urban,0
79,5,Urban,0
24,8,Urban,1
44,2,Urban,0
31,0,Suburban,0
88,0,Urban,0
22,18,Urban,1
72,4,Rural,1
19,12,Rural,1
79,18,Urban,0
38,11,Suburban,2
38,15,Suburban,0
27,18,Urban,0
75,2,Urban,1
56,11,Suburban,1
22,4,Suburban,1
82,1,Rural,0
30,6,Urban,1
70,12,Urban,1
62,14,Rural,1
49,2,Urban,0
53,19,Urban,1
77,4,Rural,1
28,7,Urban,0
80,0,Suburban,0
38,7,Suburban,0
69,17,Urban,0
72,19,Suburban,1
43,15,Urban,0
85,17,Suburban,0
51,19,Urban,1
69,11,Urban,1
69,12,Rural,0
46,12,Rural,0
55,9,Suburban,0
59,6,Urban,0
38,13,Urban,1
59,15,Rural,3
30,14,Rural,0
81,11,Urban,1
34,8,Rural,0
26,7,Suburban,1
58,17,Suburban,2
18,17,Suburban,0
19,12,Urban,1
77,17,Suburban,1
65,14,Urban,1
46,3,Rural,0
27,16,Rural,0
75,4,Suburban,0
77,15,Suburban,1
38,8,Suburban,0
45,9,Suburban,0
51,17,Suburban,0
25,16,Suburban,0
76,17,Rural,1
89,6,Urban,0
66,3,Urban,0
34,4,Urban,0
77,15,Rural,0
62,2,Rural,0
86,17,Rural,1
49,13,Suburban,0
61,14,Suburban,0
82,16,Urban,2
25,0,Urban,1
89,16,Urban,0
60,10,Urban,0
18,16,Suburban,0
68,13,Rural,0
41,19,Rural,0
41,18,Suburban,0
34,6,Suburban,0
22,12,Urban,0
37,17,Suburban,0
38,13,Urban,1
75,0,Urban,1
48,6,Urban,0
28,7,Rural,0
69,17,Urban,0
32,8,Urban,0
24,0,Rural,0
45,16,Suburban,0
68,18,Urban,0
75,5,Urban,1
22,2,Suburban,1
22,4,Urban,1
25,1,Suburban,0
81,19,Rural,2
27,3,Urban,0
55,9,Urban,2
25,9,Urban,0
42,10,Urban,1
83,15,Urban,1
67,16,Rural,2
84,15,Urban,0
66,6,Rural,0
53,15,Rural,0
85,2,Urban,1
58,15,Urban,0
79,7,Urban,1
27,11,Urban,0
38,2,Suburban,0
53,16,Urban,1
29,17,Suburban,1
19,10,Urban,1
30,3,Rural,0
70,15,Rural,0
49,16,Suburban,0
33,8,Urban,0
49,5,Urban,0
49,19,Rural,2
28,1,Urban,1
27,8,Urban,1
32,5,Rural,0
34,2,Rural,1
57,19,Rural,0
35,5,Rural,2
72,6,Suburban,1
42,0,Suburban,0
76,0,Rural,0
39,4,Rural,0
47,5,Suburban,2
61,12,Urban,3
49,1,Urban,0
68,14,Suburban,1
63,14,Rural,1
38,12,Urban,0
49,13,Suburban,1
56,6,Urban,0
29,13,Suburban,0
64,9,Suburban,0
35,16,Suburban,0
38,13,Urban,1
30,7,Rural,0
38,3,Urban,1
25,15,Urban,0
63,12,Urban,1
24,19,Rural,1
40,17,Rural,1
39,13,Urban,1
39,17,Rural,0
46,4,Suburban,0
30,8,Suburban,1
19,2,Suburban,0
46,7,Urban,0
69,19,Suburban,0
44,9,Suburban,0
67,18,Urban,0
40,2,Urban,0
61,10,Urban,0
39,10,Urban,0
60,16,Rural,0
54,15,Rural,0
78,6,Suburban,1
73,3,Rural,1
20,18,Urban,1
80,11,Suburban,0
36,14,Urban,0
40,10,Suburban,1
46,4,Urban,0
47,4,Suburban,0
56,14,Urban,0
42,17,Urban,0
25,10,Urban,0
75,11,Suburban,0
33,1,Suburban,0
89,19,Urban,1
18,14,Suburban,0
22,19,Rural,1
20,3,Rural,0
82,17,Suburban,1
21,5,Urban,0
81,18,Urban,2
27,10,Suburban,0
38,1,Suburban,0
63,7,Suburban,0
44,10,Suburban,0
83,4,Urban,0
58,17,Suburban,2
30,17,Urban,0
26,13,Suburban,0
53,9,Rural,0
75,2,Rural,0
71,8,Rural,1
29,2,Urban,1
31,10,Urban,0
51,11,Suburban,0
70,11,Suburban,1
37,2,Urban,1
33,6,Suburban,0
87,13,Rural,0
73,10,Urban,2
75,6,Urban,0
21,9,Suburban,1
21,10,Suburban,0
37,14,Rural,0
27,18,Rural,1
41,15,Urban,0
43,19,Rural,1
54,11,Urban,0
71,17,Urban,0
38,12,Rural,0
55,4,Suburban,0
63,3,Urban,0
21,13,Urban,1
77,7,Rural,1
74,8,Suburban,1
62,18,Suburban,1
37,2,Suburban,1
34,4,Rural,1
88,17,Suburban,0
21,0,Urban,0
31,7,Urban,1
20,18,Urban,2
75,16,Rural,0
72,16,Suburban,1
21,10,Suburban,0
41,1,Urban,3
51,5,Urban,0
47,13,Urban,0
36,2,Urban,0
48,11,Rural,0
77,3,Suburban,0
77,11,Suburban,1
36,12,Rural,1
66,1,Suburban,0
80,1,Rural,0
39,14,Urban,1
41,16,Rural,0
47,6,Rural,0
75,13,Suburban,0
48,11,Urban,1
81,16,Urban,1
36,13,Urban,0
65,5,Suburban,1
62,18,Urban,0
72,5,Suburban,3
72,17,Suburban,0
35,4,Urban,1
80,5,Rural,1
64,1,Suburban,1
74,7,Rural,0
62,14,Suburban,0
50,14,Urban,1
34,10,Urban,0
87,0,Suburban,1
21,17,Suburban,0
37,11,Suburban,0
64,11,Rural,1
32,10,Suburban,0
87,7,Suburban,1
64,6,Suburban,0
26,1,Rural,0
33,10,Urban,1
86,9,Suburban,2
78,2,Urban,1
27,19,Rural,0
67,9,Urban,1
20,17,Rural,0
87,13,Rural,0
68,17,Urban,0
36,7,Suburban,0
59,9,Urban,0
52,12,Rural,0
63,7,Urban,0
43,3,Urban,0
86,3,Urban,0
81,4,Suburban,1
54,0,Urban,1
66,16,Suburban,0
38,1,Urban,2
81,7,Urban,0
22,6,Urban,0
87,14,Urban,0
21,4,Suburban,0
56,1,Suburban,1
52,6,Rural,1
18,7,Urban,3
41,6,Urban,2
74,6,Rural,1
87,13,Suburban,1
58,17,Urban,0
71,5,Suburban,0
63,3,Urban,0
77,9,Urban,0
77,17,Rural,0
74,11,Urban,1
48,15,Suburban,0
41,6,Urban,0
53,5,Suburban,0
47,4,Urban,0
41,2,Suburban,0
47,11,Urban,0
24,14,Suburban,0
52,9,Suburban,0
72,19,Suburban,0
31,18,Rural,0
27,15,Suburban,0
33,10,Urban,0
71,7,Urban,1
87,2,Urban,0
61,6,Urban,0
62,6,Suburban,1
73,13,Urban,3
74,1,Rural,1
38,9,Rural,1
85,18,Rural,1
67,8,Rural,0
50,15,Urban,1
24,18,Rural,2
87,17,Urban,2
32,8,Suburban,1
49,15,Suburban,0
37,12,Suburban,0
32,9,Urban,0
65,19,Urban,0
88,13,Urban,0
38,11,Urban,1
59,18,Urban,0
43,6,Rural,0
31,14,Urban,1
74,15,Rural,1
54,7,Suburban,1
75,9,Rural,1
38,3,Urban,0
86,18,Urban,0
20,18,Rural,0
54,14,Urban,0
66,13,Rural,1
36,0,Urban,0
29,15,Suburban,0
78,9,Suburban,0
58,18,Rural,1
50,2,Urban,0
67,4,Urban,0
85,8,Suburban,1
88,17,Rural,0
50,10,Urban,1
41,15,Urban,1
78,1,Urban,0
78,11,Suburban,2
45,5,Urban,0
75,10,Rural,0
60,7,Rural,0
58,11,Rural,2
56,1,Suburban,0
66,8,Suburban,1
34,14,Rural,2
87,1,Urban,0
87,0,Urban,0
82,9,Rural,0
22,1,Rural,0
19,11,Rural,0
39,7,Urban,2
74,4,Rural,0
83,0,Urban,1
33,14,Suburban,0
68,5,Urban,1
56,11,Suburban,0
57,7,Urban,0
55,12,Urban,1
77,18,Suburban,0
76,0,Urban,0
27,10,Suburban,0
81,19,Rural,0
80,0,Rural,0
66,7,Urban,0
81,4,Rural,0
49,16,Rural,1
24,7,Rural,1
38,9,Rural,0
37,1,Urban,0
43,8,Urban,0
85,2,Urban,0
32,17,Urban,2
31,6,Urban,0
44,14,Suburban,1
57,19,Suburban,3
75,17,Urban,0
45,2,Suburban,0
43,13,Rural,2
80,1,Suburban,1
83,13,Suburban,1
42,10,Suburban,1
20,15,Urban,0
89,7,Urban,1
61,6,Urban,0
59,10,Suburban,1
23,2,Urban,1
56,16,Suburban,1
69,13,Urban,1
40,5,Suburban,1
67,7,Urban,0
60,4,Urban,2
36,7,Urban,0
86,1,Urban,0
68,14,Urban,0
28,11,Suburban,2
29,16,Urban,0
25,0,Urban,0
41,14,Suburban,0
58,13,Urban,0
53,19,Suburban,0
89,15,Suburban,0
72,8,Urban,1
26,0,Urban,0
64,16,Urban,1
32,12,Suburban,1
65,4,Rural,2
59,9,Rural,0
77,5,Suburban,3
87,18,Urban,1
29,12,Suburban,0
19,0,Suburban,1
24,19,Rural,0
20,14,Suburban,1
20,13,Suburban,0
44,7,Urban,0
57,9,Urban,0
50,8,Rural,0
18,16,Urban,1
25,8,Suburban,2
49,2,Urban,0
65,10,Rural,0
21,11,Rural,0
87,9,Urban,0
36,16,Suburban,1
49,16,Suburban,1
26,10,Rural,0
29,3,Urban,1
28,6,Urban,0
63,13,Urban,0
33,6,Urban,0
18,7,Rural,1
80,0,Suburban,0
38,3,Rural,0
47,11,Suburban,1
30,2,Rural,0
51,12,Rural,0
21,19,Suburban,0
45,5,Rural,0
76,10,Suburban,0
44,3,Urban,0
86,19,Urban,0
42,15,Suburban,0
20,6,Rural,2
85,10,Suburban,0
42,0,Suburban,1
37,6,Urban,0
51,11,Rural,1
43,6,Urban,0
22,6,Rural,3
78,9,Suburban,0
26,15,Urban,1
67,7,Rural,0
23,8,Suburban,0
77,8,Urban,0
61,1,Suburban,0
28,12,Rural,2
83,12,Suburban,1
64,3,Urban,1
20,11,Urban,2
47,16,Rural,0
38,1,Urban,1
45,12,Suburban,2
79,17,Urban,2
50,14,Suburban,0
52,7,Rural,0
69,14,Urban,0
51,0,Urban,2
58,19,Rural,0
68,9,Rural,0
64,11,Urban,1
75,4,Suburban,2
74,8,Urban,1
40,7,Urban,0
65,15,Rural,1
39,13,Urban,0
34,12,Suburban,0
86,12,Urban,0
28,4,Urban,0
32,15,Urban,0
52,10,Rural,0
50,4,Rural,0
33,12,Rural,0
51,10,Urban,1
83,18,Urban,0
57,2,Suburban,0
45,14,Urban,0
64,6,Suburban,0
56,6,Urban,2
87,5,Suburban,1
37,2,Urban,2
18,12,Rural,1
89,6,Urban,1
80,4,Urban,1
84,17,Urban,1
21,7,Urban,1
75,16,Urban,0
42,19,Rural,0
64,0,Rural,0
55,13,Suburban,0
32,16,Rural,0
80,9,Rural,2
38,11,Urban,0
74,15,Rural,1
70,13,Urban,1
63,15,Suburban,0
31,7,Urban,1
34,9,Urban,3
56,16,Rural,2
26,17,Urban,0
23,19,Suburban,0
40,15,Suburban,0
76,16,Urban,0
63,15,Urban,0
55,18,Rural,1
31,7,Rural,0
89,5,Urban,3
79,5,Suburban,0
52,8,Rural,0
36,3,Urban,0
47,11,Urban,0
42,11,Suburban,0
57,16,Urban,1
31,14,Suburban,0
43,8,Urban,0
39,6,Rural,1
65,9,Suburban,0
68,15,Suburban,0
20,11,Urban,0
59,6,Urban,0
36,17,Suburban,0
45,14,Urban,0
62,5,Urban,1
88,11,Suburban,1
80,10,Urban,0
36,19,Urban,0
64,2,Urban,0
31,1,Rural,0
55,5,Rural,0
70,4,Urban,2
78,17,Urban,0
53,15,Urban,1
57,7,Rural,1
47,19,Urban,0
26,10,Suburban,1
81,9,Urban,0
50,11,Suburban,0
69,5,Urban,0
31,19,Suburban,1
70,4,Urban,1
76,8,Urban,0
58,15,Suburban,1
85,13,Suburban,0
85,7,Urban,0
25,19,Suburban,1
19,18,Rural,1
58,13,Suburban,1
72,6,Urban,0
33,4,Rural,2
79,17,Rural,0
65,1,Urban,0
47,10,Suburban,0
29,7,Urban,0
52,0,Urban,0
28,11,Rural,0
81,1,Rural,3
67,17,Urban,0
38,6,Urban,0
86,16,Suburban,0
65,13,Urban,0
37,6,Rural,1
84,2,Suburban,2
61,5,Urban,1
50,19,Suburban,1
78,1,Suburban,1
26,16,Rural,0
85,11,Rural,0
52,11,Rural,0
82,16,Rural,0
25,9,Suburban,0
62,2,Urban,1
64,19,Urban,0
57,17,Urban,0
71,12,Urban,0
63,11,Urban,0
64,16,Suburban,1
32,3,Rural,0
36,9,Rural,0
43,10,Rural,0
69,5,Suburban,0
39,5,Rural,1
38,8,Suburban,0
68,14,Urban,1
55,1,Suburban,1
37,3,Rural,0
46,4,Urban,1
68,16,Rural,1
21,7,Rural,1
72,7,Urban,1
88,11,Rural,1
45,7,Urban,0
21,18,Urban,0
39,2,Suburban,0
62,17,Rural,1
84,18,Suburban,0
83,18,Rural,1
51,14,Urban,0
72,5,Rural,0
18,15,Rural,0
89,7,Suburban,1
55,15,Urban,0
23,17,Suburban,1
42,19,Suburban,1
34,15,Rural,0
78,10,Suburban,0
29,6,Urban,0
23,16,Suburban,1
44,16,Suburban,0
25,11,Urban,1
82,12,Suburban,0
74,9,Rural,1
57,6,Rural,1
31,13,Rural,0
52,0,Urban,1
65,16,Rural,1
73,3,Suburban,0
66,4,Urban,0
30,19,Urban,0
78,6,Urban,1
66,9,Urban,1
63,16,Suburban,0
79,6,Suburban,1
25,0,Suburban,1
60,6,Rural,0
37,10,Urban,1
56,8,Suburban,1
66,11,Suburban,0
81,2,Rural,0
79,3,Rural,0
71,3,Suburban,0
26,12,Suburban,1
54,18,Urban,0
66,9,Suburban,0
58,4,Urban,1
34,6,Urban,2
38,15,Urban,2
68,0,Urban,0
76,11,Urban,0
56,1,Urban,0
72,6,Rural,1
58,10,Suburban,1
56,12,Suburban,0
30,1,Urban,1
81,6,Rural,1
28,14,Suburban,0
36,10,Urban,0
28,1,Suburban,0
63,6,Suburban,1
62,3,Urban,0
18,10,Suburban,1
57,1,Suburban,2
36,15,Urban,1
89,6,Urban,1
89,12,Urban,1
78,4,Urban,2
29,16,Rural,0
78,11,Rural,1
50,18,Urban,1
62,6,Suburban,0
86,5,Urban,0
25,7,Urban,0
42,12,Urban,0
63,4,Rural,0
47,1,Urban,0
64,8,Urban,0
66,10,Urban,0
64,5,Suburban,1
35,6,Suburban,0
83,6,Urban,0
85,18,Urban,1
50,5,Rural,0
53,10,Suburban,0
36,10,Urban,1
45,6,Suburban,0
57,1,Rural,0
32,18,Rural,0
58,3,Rural,1
56,5,Suburban,2
19,16,Suburban,0
80,4,Urban,0
46,6,Urban,0
83,8,Rural,0
68,0,Urban,0
27,0,Suburban,0
31,18,Suburban,1
68,5,Suburban,2
56,17,Suburban,0
45,9,Urban,0
20,10,Suburban,0
87,0,Suburban,0
44,0,Urban,0
19,12,Suburban,0
55,4,Urban,1
20,19,Suburban,0
33,0,Rural,0
57,19,Urban,0
19,2,Rural,0
58,17,Rural,1
29,8,Urban,0
52,13,Urban,0
82,16,Urban,0
72,13,Rural,0
62,3,Suburban,1
79,4,Suburban,0
66,16,Rural,1
42,1,Suburban,0
40,4,Urban,1
41,3,Suburban,1
55,3,Urban,0
45,5,Urban,0
38,19,Rural,0
71,12,Urban,0
35,4,Suburban,0
53,6,Suburban,2
62,19,Urban,0
70,0,Urban,2
47,13,Suburban,1
77,3,Suburban,0
49,16,Urban,0
84,13,Urban,3
84,15,Rural,1
45,13,Rural,0
61,15,Urban,0
58,19,Urban,0
80,7,Suburban,0
40,2,Rural,0
65,18,Suburban,1
49,0,Suburban,0
74,1,Suburban,1
50,14,Urban,1
41,9,Suburban,0
56,17,Urban,1
51,13,Rural,1
73,16,Rural,0
45,12,Urban,0
54,0,Suburban,0
24,4,Suburban,2
85,12,Urban,0
54,13,Rural,1
73,2,Urban,0
82,14,Urban,0
82,18,Suburban,0
64,16,Urban,1
37,2,Suburban,0
36,15,Urban,2
46,13,Rural,0
77,11,Rural,1
35,11,Urban,0
52,10,Urban,3
60,16,Suburban,2
28,7,Suburban,0
66,16,Urban,1
55,19,Rural,1
81,10,Urban,1
86,1,Urban,0
25,9,Rural,1
51,9,Urban,0
65,10,Suburban,0
73,5,Suburban,0
82,3,Suburban,2
48,11,Rural,0
21,10,Suburban,0
67,12,Rural,2
86,4,Rural,1
47,5,Suburban,0
76,0,Rural,1
84,5,Urban,1
62,17,Suburban,2
21,8,Suburban,1
43,14,Suburban,0
44,7,Rural,0
63,18,Rural,1
81,15,Suburban,0
68,5,Urban,0
67,5,Rural,1
23,2,Urban,0
76,9,Rural,0
32,0,Rural,1
47,13,Urban,0
59,3,Urban,1
54,11,Rural,0
59,5,Urban,1
52,10,Urban,1
23,11,Suburban,0
85,9,Urban,1
35,17,Rural,0
46,6,Suburban,0
76,6,Urban,2
64,10,Urban,1
34,3,Rural,0
39,19,Suburban,0
85,0,Suburban,0
86,12,Suburban,0
54,17,Suburban,0
66,8,Urban,0
30,8,Urban,0
51,8,Urban,0
70,9,Urban,0
68,1,Suburban,1
20,5,Rural,1
59,14,Urban,0
49,2,Suburban,0
68,10,Urban,1
63,5,Urban,0
38,2,Rural,1
61,10,Urban,1
28,14,Urban,0
85,12,Urban,1
18,19,Urban,1
80,9,Suburban,1
41,5,Suburban,0
30,14,Urban,1
28,17,Urban,0
68,17,Suburban,0
34,6,Suburban,0
41,14,Urban,0
36,17,Urban,1
54,17,Suburban,0
25,19,Rural,0
45,8,Urban,0
22,1,Rural,2
34,7,Urban,1
53,19,Rural,1
36,1,Rural,0
81,10,Suburban,0
28,6,Rural,1
71,5,Urban,1
62,9,Urban,1
64,4,Suburban,1
29,10,Urban,0
38,0,Urban,3
28,1,Urban,0
22,0,Suburban,0
73,18,Rural,0
37,1,Urban,0
58,19,Urban,0
63,3,Suburban,1
29,11,Rural,0
87,19,Suburban,0
34,17,Suburban,0
36,0,Suburban,1
43,0,Urban,1
65,13,Suburban,0
69,3,Urban,1
87,4,Urban,0
72,10,Suburban,0
50,12,Urban,1
79,15,Urban,1
40,12,Urban,1
32,1,Rural,0
44,15,Urban,1
81,5,Suburban,0
68,13,Suburban,0
70,0,Rural,0
68,16,Urban,1
64,10,Suburban,2
21,18,Urban,0
24,2,Urban,1
52,10,Urban,2
65,4,Rural,1
89,16,Urban,0
62,6,Urban,2
89,9,Urban,0
36,10,Urban,0
80,2,Rural,0
55,19,Suburban,0
84,9,Suburban,0
76,9,Urban,1
86,13,Urban,0
30,11,Suburban,0
64,14,Urban,2
78,9,Suburban,0
48,9,Urban,0
39,18,Suburban,0
60,0,Urban,1
84,9,Urban,0
71,1,Suburban,0
27,16,Rural,0
59,6,Urban,1
81,6,Rural,1
38,19,Suburban,0
83,8,Urban,0
58,1,Urban,0
41,13,Rural,0
52,16,Urban,1
73,0,Rural,0
47,8,Urban,0
74,19,Urban,1
64,18,Urban,0
52,3,Rural,0
36,7,Urban,1
25,12,Urban,0
43,3,Urban,0
88,8,Suburban,0
47,8,Urban,0
24,17,Suburban,1
84,11,Urban,0
82,9,Urban,0
53,10,Rural,1
42,6,Rural,0
54,8,Suburban,0
18,5,Suburban,0
32,18,Suburban,0
54,15,Rural,0
30,14,Rural,1
25,6,Urban,1
22,15,Suburban,1
77,4,Rural,0
18,15,Rural,2
53,0,Urban,0
52,18,Urban,0
83,4,Suburban,1
80,6,Urban,0
40,18,Urban,0
26,4,Urban,0
51,16,Suburban,0
63,7,Urban,0
21,0,Suburban,0
47,1,Urban,1
89,14,Suburban,0
20,19,Suburban,1
31,17,Urban,0
77,10,Rural,2
62,9,Urban,0
51,3,Urban,1
62,4,Suburban,3
78,3,Urban,0
33,12,Urban,1
83,12,Urban,0
57,17,Urban,1
34,1,Suburban,0
51,15,Urban,1
33,0,Suburban,0
77,18,Suburban,0
83,8,Urban,1
83,2,Urban,0
30,6,Suburban,1
73,9,Urban,0
48,0,Urban,1
51,9,Urban,1
56,8,Rural,0
84,14,Suburban,1
25,14,Urban,0
72,2,Urban,0
44,4,Suburban,1
70,8,Suburban,0
56,8,Rural,0
82,6,Suburban,0
34,11,Urban,0
47,8,Suburban,0
70,5,Urban,0
30,1,Urban,0
38,8,Suburban,1
36,16,Urban,1
70,0,Suburban,1
36,18,Urban,1
74,5,Suburban,0
42,4,Suburban,0
48,1,Urban,0
72,8,Suburban,3
40,13,Urban,0
49,3,Suburban,0
79,3,Rural,1
27,14,Suburban,1
89,7,Rural,0
71,3,Urban,1
69,15,Urban,0
37,3,Urban,0
49,15,Suburban,1
31,11,Rural,0
67,15,Rural,0
45,18,Urban,0
70,7,Rural,0
41,5,Urban,0
39,9,Suburban,2
47,4,Suburban,1
80,17,Urban,0
21,9,Urban,0
76,9,Urban,0
25,6,Rural,0
29,17,Rural,0
48,0,Suburban,1
51,6,Urban,1
66,0,Suburban,0
74,14,Rural,0
43,3,Urban,0
35,19,Rural,1
55,9,Urban,0
67,8,Rural,2
25,1,Suburban,0
58,13,Urban,1
23,15,Suburban,1
86,0,Rural,0
61,1,Urban,0
81,6,Rural,0
46,9,Rural,1
45,19,Urban,0
28,0,Urban,1
82,12,Urban,0
36,0,Urban,0
26,4,Urban,0
44,15,Urban,0
51,14,Urban,0
61,16,Suburban,1
85,15,Urban,0
32,12,Suburban,0
68,10,Rural,0
30,16,Suburban,1
66,16,Urban,1
87,1,Suburban,1
73,12,Rural,1
68,13,Suburban,1
54,10,Urban,0
34,9,Urban,0
75,2,Rural,2
46,16,Urban,0
50,14,Rural,0
77,8,Urban,2
72,9,Rural,0
27,7,Suburban,2
64,12,Rural,0
40,17,Suburban,1
38,4,Rural,0
30,5,Rural,0
50,16,Suburban,0
41,10,Suburban,0
28,19,Suburban,0
34,15,Urban,0
85,8,Rural,1
64,1,Urban,0
42,4,Urban,0
38,0,Rural,2
29,3,Suburban,1
54,3,Suburban,1
59,2,Urban,0
34,8,Urban,0
65,11,Suburban,0
45,9,Urban,0
58,1,Rural,2
64,10,Urban,0
35,9,Urban,0
88,5,Suburban,0
30,17,Urban,1
30,1,Urban,1
48,1,Urban,0
19,9,Suburban,0
33,15,Suburban,0
26,11,Urban,0
55,0,Urban,1
71,7,Rural,0
73,15,Urban,1
62,17,Rural,1
51,12,Urban,0
26,14,Urban,1
25,11,Rural,0
24,7,Urban,0
53,9,Suburban,1
35,13,Urban,0
20,4,Urban,1
45,17,Suburban,1
87,18,Urban,1
61,14,Suburban,1
38,5,Urban,0
45,10,Rural,2
71,10,Suburban,0
71,19,Urban,1
82,19,Suburban,0
38,17,Rural,2
30,17,Urban,1
74,9,Rural,1
66,1,Rural,1
71,8,Urban,0
27,13,Urban,0
70,18,Urban,0
61,9,Urban,2
64,3,Suburban,1
70,5,Rural,2
63,13,Suburban,0
30,3,Urban,1
54,14,Urban,0
41,15,Suburban,2
19,6,Rural,1
31,16,Rural,1
27,18,Urban,1
52,18,Urban,0
42,16,Urban,1
20,5,Suburban,1
34,10,Urban,0
29,15,Suburban,1
71,7,Rural,2
41,10,Urban,0
46,6,Rural,1
60,18,Suburban,0
42,9,Suburban,0
77,8,Urban,0
82,3,Urban,0
45,14,Urban,3
33,12,Urban,1
64,1,Rural,1
75,1,Suburban,4
44,15,Urban,0
70,8,Suburban,1
59,12,Rural,0
76,2,Urban,0
64,8,Urban,1
51,12,Suburban,0
54,1,Suburban,2
23,7,Rural,0
24,8,Urban,0
42,15,Urban,0
50,1,Urban,0
72,5,Rural,0
75,7,Suburban,1
24,4,Urban,0
74,8,Suburban,0
29,0,Rural,0
33,8,Rural,0
60,9,Suburban,0
24,3,Urban,1
68,2,Suburban,0
49,9,Urban,0
25,14,Urban,0
89,10,Suburban,0
62,13,Suburban,0
76,5,Rural,0
21,11,Rural,1
84,12,Suburban,0
46,16,Suburban,0
46,15,Urban,0
45,2,Suburban,0
61,1,Rural,0
21,10,Rural,0
26,8,Urban,0
22,2,Rural,0
73,17,Suburban,0
67,19,Rural,0
32,14,Suburban,2
49,13,Urban,3
45,1,Suburban,0
39,16,Suburban,0
34,7,Rural,2
76,9,Rural,1
88,17,Rural,0
74,18,Suburban,0
43,7,Suburban,0
42,7,Urban,0
27,2,Suburban,2
62,2,Urban,0
28,11,Urban,1
70,16,Suburban,0
89,3,Urban,1
85,16,Suburban,0
45,13,Urban,0
82,18,Urban,1
66,8,Rural,1
64,11,Urban,2
69,4,Suburban,0
71,10,Urban,0
77,19,Urban,0
74,2,Urban,1
64,14,Urban,0
48,13,Suburban,1
63,10,Urban,1
43,19,Rural,1
22,7,Suburban,0
69,3,Rural,1
71,11,Suburban,0
50,7,Urban,0
67,5,Urban,2
55,14,Suburban,0
44,11,Suburban,2
32,15,Rural,0
78,15,Rural,1
38,19,Urban,1
63,19,Urban,0
86,3,Suburban,0
23,10,Rural,0
55,12,Rural,0
79,8,Suburban,0
79,3,Urban,1
63,11,Urban,1
30,8,Suburban,1
20,12,Suburban,0
23,15,Rural,0
25,5,Urban,0
61,9,Urban,1
50,12,Rural,1
67,6,Urban,1
28,18,Suburban,2
45,18,Suburban,0
87,16,Suburban,0
58,12,Urban,1
33,12,Suburban,1
85,1,Urban,0
65,9,Urban,0
73,12,Urban,0
81,8,Urban,1
76,0,Suburban,1
79,13,Urban,0
28,15,Urban,1
35,19,Suburban,1
36,14,Urban,1
72,0,Suburban,0
43,16,Urban,1
23,12,Urban,1
21,14,Suburban,0
46,15,Urban,0
76,15,Rural,1
34,1,Urban,0
60,16,Urban,1
83,10,Urban,0
51,7,Urban,0
25,19,Urban,0
30,2,Suburban,0
25,11,Rural,0
82,19,Urban,0
60,15,Urban,0
56,13,Suburban,0
76,15,Suburban,1
61,16,Suburban,0
26,10,Suburban,0
54,16,Urban,0
53,18,Urban,0
45,0,Rural,0
59,11,Rural,1
60,14,Rural,1
59,17,Urban,0
83,13,Suburban,0
72,0,Suburban,1
89,12,Urban,0
65,14,Suburban,0
39,6,Urban,0
44,14,Urban,1
84,19,Urban,1
30,9,Urban,0
62,13,Urban,0
27,5,Suburban,1
26,13,Urban,0
71,11,Rural,1
44,10,Urban,1
51,19,Urban,0
18,18,Suburban,0
49,1,Rural,0
88,19,Suburban,2
84,0,Suburban,0
37,7,Urban,0
52,13,Urban,1
34,8,Suburban,0
35,1,Suburban,2
62,4,Rural,1
70,7,Suburban,0
85,15,Suburban,0
82,15,Urban,1
18,12,Rural,0
75,19,Suburban,1
43,14,Rural,1
37,0,Urban,0
27,2,Urban,0
76,5,Urban,1
58,13,Urban,1
22,3,Suburban,1
82,17,Urban,0
34,14,Urban,0
39,8,Urban,1
58,17,Rural,0
85,2,Rural,2
86,9,Urban,2
28,16,Urban,0
73,6,Urban,1
68,14,Rural,0
38,0,Urban,0
43,10,Suburban,0
36,16,Rural,0
77,4,Urban,0
88,6,Suburban,0
64,18,Urban,1
88,14,Rural,0
43,2,Urban,0
57,14,Rural,0
22,4,Suburban,0
38,11,Suburban,2
21,19,Urban,0
40,4,Urban,0
32,2,Rural,1
25,8,Suburban,2
58,8,Suburban,2
36,6,Urban,1
63,1,Urban,0
45,15,Rural,3
85,8,Urban,1
32,12,Urban,0
54,18,Urban,0
18,19,Rural,0
84,16,Suburban,0
41,5,Suburban,1
44,3,Urban,0
57,0,Rural,0
80,17,Suburban,0
78,18,Urban,1
53,8,Rural,0
41,12,Urban,1
41,7,Urban,1
21,12,Urban,1
84,14,Urban,2
51,10,Rural,1
74,11,Urban,0
66,13,Urban,0
70,3,Urban,1
40,0,Suburban,0
86,3,Rural,1
70,18,Rural,0
79,8,Rural,1
58,9,Urban,0
74,3,Urban,1
77,19,Suburban,0
71,8,Urban,0
87,12,Urban,0
74,11,Suburban,0
27,10,Urban,0
57,11,Urban,1
24,17,Rural,1
55,11,Urban,1
78,15,Suburban,0
20,4,Rural,0
68,19,Rural,2
64,11,Suburban,1
85,10,Urban,5
55,8,Urban,1
53,17,Urban,1
58,2,Urban,0
86,19,Suburban,0
30,16,Suburban,1
75,13,Urban,0
67,0,Urban,0
47,16,Urban,0
79,7,Urban,0
42,4,Urban,0
44,4,Rural,2
68,8,Suburban,1
74,2,Suburban,0
64,18,Urban,0
56,8,Urban,1
33,17,Rural,1
39,15,Suburban,0
71,0,Suburban,1
38,1,Suburban,1
89,13,Rural,0
33,13,Rural,0
76,0,Urban,0
48,15,Rural,0
59,14,Urban,0
49,14,Urban,0
76,11,Rural,1
51,15,Urban,1
26,13,Urban,0
28,14,Urban,1
27,14,Urban,0
34,18,Urban,0
85,7,Urban,1
65,1,Urban,0
69,1,Urban,0
42,9,Suburban,1
38,2,Urban,0
82,16,Urban,0
80,7,Rural,0
68,3,Suburban,0
53,13,Rural,1
83,9,Urban,0
32,0,Rural,1
56,3,Suburban,0
87,0,Suburban,0
18,16,Rural,1
40,16,Suburban,0
56,6,Suburban,3
74,19,Rural,0
51,14,Urban,0
58,12,Rural,0
30,1,Suburban,1
87,18,Urban,1
23,12,Suburban,0
69,10,Urban,1
20,14,Rural,2
80,9,Suburban,0
66,8,Urban,0
64,8,Rural,1
72,19,Urban,1
81,0,Urban,1
82,16,Urban,0
84,11,Urban,0
32,9,Urban,0
49,4,Suburban,0
85,17,Suburban,0
35,14,Urban,0
60,5,Suburban,3
52,6,Urban,1
75,16,Urban,0
50,5,Urban,0
31,7,Suburban,0
51,11,Suburban,0
78,13,Urban,0
21,11,Urban,1
76,9,Urban,1
46,19,Rural,0
23,14,Rural,0
66,6,Urban,1
57,8,Suburban,0
82,9,Urban,0
86,9,Suburban,0
44,15,Rural,1
23,6,Urban,0
30,4,Suburban,1
81,2,Suburban,1
79,17,Urban,1
36,10,Urban,1
60,14,Suburban,1
37,19,Urban,0
85,4,Urban,1
61,11,Rural,2
40,3,Suburban,0
19,14,Suburban,0
39,8,Suburban,1
74,6,Rural,0
89,9,Urban,2
24,12,Rural,1
73,7,Suburban,0
84,11,Urban,0
33,18,Urban,2
68,0,Urban,1
89,15,Rural,0
29,16,Suburban,0
70,17,Rural,0
22,10,Suburban,1
44,17,Urban,1
29,6,Suburban,0
34,17,Suburban,0
23,7,Urban,0
22,5,Suburban,0
74,6,Urban,1
45,9,Suburban,2
86,10,Suburban,1
76,12,Suburban,1
50,8,Rural,0
79,6,Urban,0
67,8,Rural,0
36,12,Urban,1
86,2,Suburban,1
83,2,Suburban,0
64,0,Suburban,1
56,19,Urban,0
85,1,Suburban,0
50,2,Suburban,0
30,14,Suburban,1
71,5,Urban,1
24,12,Urban,0
31,0,Urban,1
36,19,Rural,1
71,18,Rural,0
37,0,Suburban,0
46,1,Urban,1
41,14,Urban,0
80,13,Rural,1
74,18,Suburban,0
25,10,Suburban,1
79,14,Suburban,0
46,5,Urban,0
34,19,Rural,2
83,8,Suburban,0
23,4,Rural,3
75,19,Urban,1
86,1,Urban,0
45,5,Urban,0
79,17,Suburban,1
58,18,Urban,2
86,8,Urban,1
58,5,Urban,0
66,13,Rural,1
66,12,Urban,0
88,10,Rural,0
20,11,Urban,0
27,18,Urban,1
52,18,Rural,0
19,18,Urban,2
41,12,Urban,1
55,13,Urban,1
39,17,Suburban,1
43,11,Rural,1
60,3,Urban,0
72,9,Urban,0
56,16,Suburban,0
46,3,Rural,2
37,11,Urban,1
58,12,Suburban,1
71,3,Suburban,1
37,9,Suburban,0
36,2,Rural,3
83,14,Urban,0
47,1,Urban,1
70,16,Suburban,0
51,5,Rural,0
39,7,Urban,0
84,2,Suburban,1
23,17,Suburban,0
44,0,Suburban,0
27,15,Suburban,0
65,6,Suburban,1
87,2,Urban,0
76,3,Suburban,0
76,8,Suburban,0
19,4,Urban,1
46,18,Urban,0
85,14,Suburban,1
82,7,Urban,1
43,5,Suburban,1
27,17,Urban,0
70,18,Urban,0
76,14,Rural,2
39,6,Urban,1
68,9,Rural,2
65,5,Rural,1
38,13,Urban,0
39,16,Urban,0
47,8,Urban,4
42,18,Urban,0
45,4,Suburban,0
82,6,Urban,0
62,18,Urban,0
85,19,Rural,0
24,6,Urban,0
66,1,Urban,2
26,15,Urban,1
53,12,Suburban,1
18,7,Suburban,0
27,5,Suburban,1
53,5,Urban,0
63,8,Urban,0
49,3,Rural,2
49,10,Suburban,1
23,4,Suburban,0
65,16,Urban,0
55,19,Urban,1
34,6,Rural,0
44,14,Suburban,0
71,14,Suburban,0
67,13,Rural,1
52,12,Suburban,0
42,10,Rural,0
45,12,Suburban,0
32,8,Suburban,1
21,9,Suburban,0
44,3,Urban,0
43,16,Urban,0
36,13,Rural,2
34,17,Rural,0
60,10,Suburban,1
58,15,Urban,0
59,0,Urban,1
67,6,Suburban,0
57,9,Urban,0
56,8,Urban,1
40,2,Urban,2
69,13,Rural,0
64,14,Urban,0
80,1,Suburban,0
86,13,Urban,2
60,15,Suburban,0
65,6,Rural,2
51,3,Urban,0
57,17,Urban,1
78,4,Urban,1
67,5,Rural,0
84,6,Urban,2
79,14,Urban,1
75,0,Rural,1
50,3,Urban,0
33,0,Urban,0
65,10,Suburban,2
27,17,Suburban,0
55,13,Urban,1
36,10,Urban,1
53,9,Suburban,0
76,16,Urban,0
80,3,Suburban,0
63,14,Urban,0
20,15,Suburban,0
82,12,Urban,0
25,8,Suburban,0
68,10,Urban,1
23,10,Rural,0
56,5,Urban,2
77,0,Urban,1
45,5,Suburban,1
71,12,Rural,1
54,4,Suburban,0
26,14,Urban,1
73,17,Suburban,1
76,19,Urban,0
19,13,Suburban,1
78,14,Suburban,3
75,4,Urban,1
77,3,Suburban,1
57,1,Suburban,3
53,6,Urban,0
54,9,Rural,0
35,15,Urban,0
80,9,Suburban,1
39,17,Urban,1
28,16,Urban,0
75,12,Urban,0
74,0,Rural,0
21,0,Suburban,0
24,14,Suburban,0
78,0,Urban,1
71,5,Urban,0
85,12,Suburban,1
18,0,Rural,0
72,4,Urban,0
20,8,Urban,0
55,16,Rural,1
18,15,Urban,2
55,7,Suburban,1
46,16,Rural,0
22,14,Suburban,0
38,0,Rural,0
88,11,Urban,1
84,4,Suburban,1
64,5,Rural,0
52,0,Urban,2
85,0,Rural,0
86,9,Urban,0
18,9,Suburban,0
85,2,Rural,0
29,16,Suburban,0
77,18,Urban,1
44,10,Urban,0
73,17,Suburban,0
40,1,Suburban,0
42,8,Urban,0
38,16,Urban,0
78,13,Urban,1
80,3,Rural,0
69,16,Suburban,0
42,16,Suburban,2
72,11,Rural,0
63,19,Suburban,0
49,17,Urban,0
72,2,Urban,2
22,10,Rural,0
53,17,Suburban,0
66,3,Suburban,1
75,16,Rural,1
56,17,Rural,0
78,4,Suburban,1
26,13,Urban,0
23,9,Urban,0
52,14,Suburban,1
56,0,Suburban,0
39,15,Urban,1
58,10,Rural,1
22,19,Urban,1
59,5,Urban,1
84,15,Suburban,1
47,1,Urban,0
74,0,Suburban,1
46,8,Urban,0
54,11,Rural,1
30,16,Urban,1
49,14,Suburban,1
63,18,Rural,0
40,9,Rural,1
62,11,Urban,2
34,13,Urban,1
83,8,Urban,1
23,12,Urban,1
35,2,Rural,0
39,13,Rural,1
50,9,Rural,0
47,15,Rural,0
49,6,Urban,0
59,3,Urban,0
27,19,Urban,0
53,10,Suburban,0
51,15,Rural,0
45,19,Urban,0
28,3,Urban,1
56,16,Suburban,0
64,12,Suburban,1
36,10,Rural,1
32,2,Urban,0
45,8,Urban,2
41,5,Suburban,0
89,10,Suburban,1
26,15,Urban,1
64,18,Suburban,0
50,4,Suburban,0
79,13,Urban,0
36,16,Urban,0
84,2,Urban,1
57,3,Urban,1
64,15,Suburban,0
82,15,Urban,0
46,3,Suburban,0
67,18,Suburban,1
30,16,Urban,0
18,12,Rural,0
51,0,Suburban,0
65,11,Suburban,1
65,3,Suburban,1
66,10,Urban,0
81,4,Rural,0
78,1,Rural,1
46,16,Suburban,0
56,7,Urban,0
43,5,Suburban,0
34,8,Urban,0
88,12,Suburban,0
30,10,Rural,0
86,15,Rural,0
43,15,Rural,0
66,1,Urban,0
84,9,Urban,1
24,11,Urban,1
75,7,Urban,1
66,10,Urban,1
70,9,Suburban,0
82,12,Rural,1
79,16,Urban,1
34,6,Suburban,0
60,2,Rural,0
42,19,Suburban,1
20,12,Rural,1
46,18,Urban,1
49,6,Rural,0
43,8,Rural,0
33,18,Urban,0
42,12,Urban,0
71,7,Urban,0
45,17,Urban,0
73,1,Urban,0
82,17,Rural,0
58,17,Urban,0
68,10,Rural,0
88,0,Rural,2
46,13,Urban,2
36,15,Urban,0
83,10,Urban,1
58,0,Urban,2
62,6,Urban,0
32,15,Urban,0
20,13,Rural,0
28,14,Rural,0
70,13,Urban,0
63,10,Urban,0
47,15,Rural,0
74,18,Suburban,0
35,16,Suburban,0
68,5,Rural,0
65,10,Urban,0
83,16,Urban,1
25,8,Suburban,0
39,17,Urban,0
23,16,Suburban,1
74,11,Rural,1
53,4,Rural,2
74,10,Urban,0
66,3,Rural,2
62,3,Rural,0
83,2,Urban,1
62,16,Urban,0
37,6,Suburban,0
81,3,Rural,0
84,12,Urban,1
20,11,Urban,0
71,0,Suburban,1
81,18,Suburban,0
57,19,Rural,0
76,17,Rural,0
72,10,Urban,0
79,19,Rural,0
21,2,Urban,0
77,16,Suburban,0
47,11,Rural,2
19,9,Urban,0
79,7,Urban,0
66,14,Suburban,0
26,4,Urban,0
48,3,Urban,0
78,19,Rural,0
65,18,Urban,0
42,3,Suburban,0
53,14,Urban,1
25,16,Suburban,0
75,11,Urban,0
62,2,Urban,2
79,9,Suburban,1
56,14,Rural,1
75,9,Urban,0
81,17,Urban,1
61,0,Rural,1
46,2,Rural,1
76,11,Suburban,0
88,0,Suburban,3
26,2,Rural,1
23,2,Urban,0
46,4,Rural,0
75,18,Rural,0
34,0,Urban,1
33,3,Urban,1
20,3,Urban,1
38,16,Urban,0
81,13,Urban,1
53,17,Rural,0
79,0,Suburban,0
59,15,Rural,0
59,2,Urban,0
78,8,Urban,1
30,3,Rural,0
28,4,Urban,0
71,10,Rural,2
33,8,Suburban,0
25,2,Urban,0
76,5,Urban,1
74,10,Rural,1
57,8,Suburban,0
76,14,Suburban,0
19,2,Suburban,0
27,0,Urban,0
61,19,Suburban,0
28,18,Urban,1
19,13,Urban,1
67,16,Suburban,4
29,13,Suburban,0
40,16,Urban,0
35,13,Urban,1
79,11,Urban,1
79,15,Urban,0
55,0,Urban,2
84,12,Suburban,0
55,5,Rural,0
84,16,Suburban,0
78,11,Suburban,0
18,18,Rural,0
62,5,Suburban,1
45,6,Rural,0
38,0,Urban,3
30,0,Rural,1
44,4,Rural,1
24,5,Suburban,0
39,15,Suburban,0
70,15,Urban,0
21,13,Suburban,1
40,0,Urban,1
87,12,Suburban,0
50,19,Urban,3
45,9,Urban,0
25,9,Urban,0
18,8,Rural,0
54,12,Urban,0
80,2,Suburban,1
39,17,Urban,0
87,19,Suburban,0
38,1,Suburban,0
52,16,Urban,1
22,18,Urban,0
77,12,Suburban,0
63,12,Rural,2
67,0,Rural,0
65,1,Urban,0
23,0,Rural,3
73,4,Suburban,0
76,2,Urban,1
46,6,Urban,1
88,12,Urban,0
35,17,Suburban,0
19,6,Suburban,0
25,0,Urban,0
71,4,Urban,1
55,16,Urban,0
65,7,Urban,0
44,14,Urban,0
37,19,Suburban,1
29,3,Rural,0
60,1,Urban,2
78,4,Suburban,1
48,0,Rural,1
78,4,Rural,1
84,5,Urban,0
52,1,Urban,0
32,0,Suburban,0
33,3,Rural,1
30,6,Urban,0
52,0,Rural,0
76,0,Suburban,0
38,7,Urban,1
71,19,Rural,1
47,15,Suburban,1
65,12,Urban,0
52,17,Suburban,2
55,19,Rural,4
48,9,Rural,0
41,11,Urban,0
66,0,Urban,0
49,9,Rural,2
72,8,Urban,1
75,2,Urban,1
20,18,Urban,0
86,8,Urban,0
27,9,Suburban,1
42,18,Urban,1
85,15,Suburban,0
78,17,Urban,0
46,13,Rural,0
36,2,Urban,1
60,1,Suburban,3
83,0,Suburban,1
78,17,Urban,0
60,8,Suburban,0
42,12,Urban,1
37,1,Rural,0
65,6,Suburban,0
41,15,Suburban,0
28,18,Suburban,0
72,14,Urban,1
45,10,Urban,2
86,0,Urban,0
80,6,Rural,1
76,19,Suburban,0
22,7,Urban,1
68,9,Rural,2
38,4,Urban,1
29,8,Urban,0
67,0,Rural,2
21,1,Rural,0
59,18,Suburban,0
55,13,Urban,0
42,19,Suburban,2
31,9,Urban,1
49,8,Urban,0
28,9,Rural,0
78,5,Suburban,2
35,16,Urban,0
44,5,Urban,0
72,3,Rural,1
71,19,Urban,1
38,2,Suburban,0
61,18,Suburban,1
22,17,Urban,1
58,3,Rural,0
76,7,Suburban,1
71,16,Urban,0
39,4,Rural,1
82,12,Urban,0
81,0,Rural,1
88,12,Urban,2
21,3,Suburban,0
82,13,Urban,0
32,2,Urban,0
39,4,Suburban,2
64,6,Urban,2
63,0,Urban,1
31,11,Urban,0
67,10,Urban,0
37,7,Suburban,1
67,5,Suburban,0
50,1,Urban,1
76,18,Suburban,0
60,19,Rural,0
29,19,Suburban,0
57,13,Urban,0
37,0,Rural,0
55,9,Rural,0
20,15,Rural,0
45,3,Rural,0
73,10,Urban,0
30,15,Suburban,0
83,19,Rural,0
54,0,Suburban,0
66,15,Urban,1
83,18,Rural,2
53,8,Suburban,1
71,8,Rural,0
43,8,Suburban,0
89,16,Suburban,0
57,11,Urban,0
60,12,Rural,0
39,7,Urban,2
37,15,Rural,0
25,17,Urban,0
46,0,Suburban,0
57,0,Rural,1
47,11,Urban,0
72,5,Urban,2
33,8,Suburban,0
63,4,Urban,0
79,15,Urban,0
24,17,Urban,0
62,16,Suburban,0
76,17,Suburban,1
73,0,Rural,0
65,18,Suburban,0
44,7,Urban,0
70,2,Suburban,1
52,4,Urban,0
68,7,Urban,0
54,18,Urban,0
74,17,Rural,0
25,17,Suburban,0
37,0,Urban,0
70,14,Suburban,0
29,17,Urban,0
66,6,Urban,1
34,15,Rural,1
81,15,Rural,0
59,14,Suburban,1
46,5,Rural,0
36,8,Rural,0
28,6,Urban,0
67,13,Rural,1
88,10,Suburban,0
75,15,Urban,0
51,5,Suburban,0
37,15,Rural,0
67,19,Urban,0
27,15,Suburban,0
49,11,Rural,1
69,16,Urban,0
32,4,Urban,2
20,12,Urban,0
54,7,Suburban,1
57,4,Rural,0
89,11,Suburban,0
57,8,Urban,3
73,2,Urban,0
40,2,Urban,0
28,0,Rural,2
81,17,Suburban,1
25,11,Rural,0
73,8,Urban,1
77,8,Suburban,0
27,17,Suburban,0
56,17,Urban,3
45,6,Suburban,0
66,3,Urban,0
53,12,Urban,1
30,16,Urban,1
53,1,Rural,1
43,13,Urban,0
21,2,Urban,1
81,4,Urban,1
55,13,Suburban,0
39,2,Suburban,1
19,6,Suburban,1
48,17,Urban,1
28,12,Urban,1
63,9,Urban,0
79,12,Urban,1
86,15,Rural,0
81,8,Rural,0
27,1,Suburban,1
57,4,Rural,0
41,16,Urban,1
61,3,Urban,0
77,16,Rural,0
79,8,Urban,1
34,19,Urban,1
82,1,Urban,2
74,17,Urban,0
72,10,Urban,1
70,12,Suburban,1
73,7,Suburban,1
26,0,Urban,1
39,16,Urban,0
30,11,Suburban,0
65,3,Urban,0
35,12,Urban,0
57,8,Urban,0
34,6,Urban,1
32,4,Suburban,1
32,4,Suburban,0
80,16,Urban,0
56,8,Urban,2
30,5,Urban,1
49,18,Urban,0
26,15,Suburban,0
57,1,Rural,0
37,9,Rural,0
80,15,Suburban,1
61,4,Suburban,1
55,14,Suburban,0
77,12,Urban,2
88,12,Urban,0
65,12,Rural,1
35,14,Urban,0
33,13,Suburban,0
72,7,Rural,0
56,10,Suburban,0
85,17,Urban,0
76,3,Suburban,1
79,9,Urban,1
30,0,Suburban,0
23,4,Urban,0
77,12,Rural,0
31,0,Suburban,2
71,7,Urban,1
21,2,Rural,1
56,2,Suburban,0
89,6,Urban,0
42,3,Rural,0
49,2,Urban,0
76,14,Suburban,1
80,7,Rural,0
55,2,Urban,0
70,6,Urban,2
84,17,Rural,0
45,10,Urban,0
20,10,Urban,1
39,16,Rural,0
55,5,Urban,0
89,7,Urban,1
89,0,Rural,1
79,9,Urban,0
74,18,Urban,1
23,2,Urban,0
49,3,Rural,0
27,10,Rural,0
20,14,Suburban,0
76,0,Urban,0
66,8,Urban,0
76,10,Urban,0
48,18,Urban,1
86,12,Suburban,0
79,15,Urban,2
69,3,Urban,1
58,0,Urban,0
48,19,Rural,0
39,12,Rural,0
21,0,Rural,1
30,4,Suburban,0
62,4,Rural,1
59,13,Urban,2
66,13,Urban,1
37,7,Rural,0
71,3,Rural,0
53,6,Rural,0
18,19,Rural,1
32,18,Rural,0
34,14,Suburban,0
41,3,Rural,2
75,18,Suburban,1
89,8,Urban,0
40,12,Rural,0
63,13,Suburban,1
89,13,Urban,0
25,9,Suburban,2
76,15,Suburban,1
76,4,Urban,0
30,5,Rural,0
56,1,Urban,0
45,12,Suburban,0
78,12,Suburban,1
33,18,Urban,0
19,17,Urban,0
34,18,Rural,0
47,0,Urban,0
30,7,Urban,1
30,15,Rural,1
60,1,Urban,0
38,7,Urban,0
72,5,Suburban,1
57,15,Suburban,0
32,10,Suburban,1
69,16,Suburban,0
70,18,Urban,0
69,10,Urban,0
47,7,Urban,0
50,3,Suburban,0
74,10,Suburban,0
69,7,Suburban,0
26,8,Suburban,0
71,1,Rural,0
18,15,Urban,0
61,5,Urban,0
26,18,Urban,0
49,7,Urban,2
32,13,Rural,0
29,15,Urban,0
74,11,Rural,0
25,4,Rural,0
89,18,Urban,0
44,17,Rural,1
79,8,Rural,0
29,1,Urban,1
82,19,Suburban,0
59,11,Rural,0
79,1,Rural,0
28,9,Suburban,0
60,0,Suburban,0
34,3,Suburban,0
49,11,Urban,0
57,8,Urban,1
40,3,Urban,0
73,8,Urban,0
23,5,Suburban,0
67,0,Rural,0
54,9,Urban,0
81,13,Urban,2
71,17,Urban,2
89,5,Rural,1
66,17,Suburban,0
28,19,Suburban,0
66,15,Suburban,1
38,14,Urban,0
83,15,Urban,0
80,7,Urban,1
45,12,Urban,3
34,10,Suburban,0
23,6,Rural,0
36,16,Suburban,0
73,17,Rural,0
45,18,Urban,1
83,12,Urban,2
55,14,Rural,2
54,0,Suburban,0
85,15,Urban,0
66,4,Suburban,0
60,2,Suburban,1
53,9,Urban,1
75,18,Suburban,0
30,4,Urban,0
69,6,Rural,0
75,13,Suburban,0
49,2,Suburban,0
77,12,Urban,1
75,12,Urban,0
73,9,Urban,0
45,1,Urban,0
18,5,Rural,0
59,7,Suburban,1
65,3,Urban,1
57,11,Urban,1
80,14,Urban,1
89,7,Rural,0
21,6,Urban,0
55,13,Urban,0
44,18,Suburban,1
26,13,Urban,0
33,12,Rural,1
73,0,Suburban,0
48,18,Urban,2
31,0,Rural,0
42,3,Rural,0
51,9,Rural,2
84,2,Urban,1
41,19,Urban,0
43,8,Suburban,1
37,2,Suburban,0
81,5,Urban,1
27,5,Urban,0
84,11,Urban,2
41,0,Urban,0
22,15,Rural,0
84,4,Urban,1
75,8,Urban,0
44,9,Suburban,0
32,12,Urban,0
52,14,Suburban,0
70,11,Suburban,2
61,4,Urban,2
43,4,Suburban,0
64,17,Suburban,0
51,11,Urban,0
67,2,Urban,0
29,6,Rural,0
21,16,Suburban,0
65,18,Rural,0
72,17,Urban,0
18,0,Rural,0
83,4,Urban,0
47,1,Rural,1
20,0,Suburban,2
38,6,Rural,2
66,10,Suburban,2
79,10,Suburban,0
55,17,Rural,0
32,16,Urban,1
69,1,Suburban,1
63,6,Suburban,0
42,6,Urban,0
38,9,Rural,0
22,2,Urban,0
87,11,Suburban,0
64,2,Suburban,0
85,10,Urban,0
35,11,Suburban,0
38,3,Urban,2
40,15,Suburban,0
81,19,Rural,0
84,17,Urban,0
57,3,Urban,2
27,5,Urban,1
69,14,Rural,0
89,0,Rural,1
78,2,Urban,0
81,4,Urban,1
22,16,Urban,1
70,13,Suburban,0
72,8,Suburban,0
54,2,Urban,0
73,12,Rural,0
76,2,Urban,0
86,10,Suburban,0
76,1,Suburban,0
19,14,Rural,0
82,12,Suburban,2
77,18,Suburban,0
68,15,Suburban,0
47,17,Rural,1
28,6,Urban,0
56,12,Urban,1
89,3,Urban,0
80,8,Rural,2
81,9,Urban,0
78,8,Urban,0
71,6,Rural,1
75,14,Urban,0
73,7,Rural,1
51,18,Suburban,2
48,10,Suburban,1
69,4,Rural,1
18,1,Rural,0
72,9,Rural,1
39,15,Urban,0
57,12,Suburban,0
18,7,Urban,0
82,8,Urban,0
80,10,Suburban,2
71,10,Urban,0
59,15,Urban,0
38,9,Urban,0
39,11,Urban,0
55,5,Urban,0
25,11,Urban,0
79,9,Rural,1
64,17,Suburban,0
34,17,Urban,0
34,3,Suburban,3
30,8,Urban,0
34,6,Urban,0
55,17,Urban,0
62,7,Rural,2
23,10,Urban,0
52,6,Rural,1
31,8,Suburban,1
89,7,Rural,0
78,2,Rural,1
32,16,Suburban,2
71,1,Urban,0
44,14,Urban,0
30,13,Suburban,0
48,17,Rural,0
52,15,Urban,1
77,19,Urban,1
23,3,Rural,0
86,19,Urban,1
75,5,Urban,1
66,5,Suburban,1
40,10,Suburban,1
51,16,Rural,0
43,2,Rural,2
64,12,Suburban,0
22,2,Urban,0
37,15,Urban,0
23,14,Rural,1
87,10,Suburban,0
76,17,Urban,1
81,14,Suburban,2
35,4,Rural,1
21,15,Urban,0
34,15,Urban,0
31,16,Urban,0
30,8,Suburban,0
24,2,Suburban,0
61,19,Urban,3
32,12,Suburban,0
36,2,Suburban,0
80,6,Rural,0
52,5,Rural,0
52,8,Urban,1
36,11,Rural,0
37,14,Urban,0
52,19,Rural,0
49,2,Urban,0
65,9,Suburban,0
61,0,Suburban,1
41,18,Urban,1
78,18,Urban,0
34,12,Rural,1
88,11,Rural,0
67,0,Urban,1
82,18,Rural,0
49,15,Urban,1
53,14,Urban,0
30,15,Urban,0
87,10,Urban,1
75,5,Suburban,0
31,10,Suburban,0
54,2,Urban,1
85,14,Rural,1
57,0,Urban,0
76,6,Rural,2
33,0,Urban,0
79,16,Rural,2
21,8,Suburban,0
62,12,Urban,1
45,10,Suburban,1
83,19,Urban,0
48,5,Urban,1
20,0,Urban,0
25,6,Urban,0
41,11,Urban,0
32,19,Urban,0
60,18,Urban,1
48,16,Urban,0
62,3,Rural,0
83,2,Suburban,0
25,0,Urban,1
88,17,Urban,1
74,14,Urban,0
47,7,Suburban,1
35,0,Rural,0
86,19,Rural,0
56,13,Urban,0
77,3,Urban,0
60,4,Urban,0
62,12,Suburban,1
40,14,Suburban,1
86,5,Urban,1
23,0,Rural,0
73,18,Urban,0
21,12,Urban,1
40,5,Suburban,1
23,14,Rural,0
49,15,Urban,0
35,15,Urban,1
32,9,Suburban,2
57,8,Rural,0
23,8,Rural,2
80,16,Urban,1
84,16,Urban,0
28,16,Suburban,0
60,11,Rural,0
34,12,Urban,0
21,11,Rural,0
80,13,Suburban,3
85,9,Urban,1
58,18,Urban,1
22,1,Rural,0
49,3,Rural,1
87,18,Suburban,0
52,6,Suburban,1
39,14,Urban,0
82,14,Urban,0
39,5,Suburban,0
28,2,Urban,0
20,5,Rural,1
26,15,Rural,1
77,1,Rural,0
31,6,Urban,1
35,10,Suburban,0
40,6,Suburban,1
64,3,Rural,0
86,19,Rural,1
64,6,Urban,0
47,3,Urban,0
42,11,Urban,1
45,4,Urban,0
42,18,Suburban,0
75,4,Suburban,1
58,18,Rural,0
42,2,Rural,1
65,10,Urban,1
27,6,Suburban,0
28,16,Urban,0
38,8,Urban,0
62,8,Rural,1
24,9,Suburban,2
81,12,Suburban,0
81,14,Urban,0
19,4,Suburban,0
59,2,Urban,0
71,7,Urban,1
33,19,Suburban,0
35,9,Suburban,0
76,12,Rural,2
33,2,Rural,1
23,7,Suburban,0
74,8,Suburban,0
64,11,Suburban,0
65,10,Rural,1
59,1,Suburban,0
77,17,Suburban,1
21,8,Urban,1
19,1,Suburban,1
76,1,Rural,0
44,2,Urban,2
44,15,Rural,0
89,18,Urban,0
24,3,Rural,0
80,17,Suburban,1
63,19,Urban,1
80,17,Urban,0
29,9,Suburban,0
30,10,Urban,0
60,16,Urban,0
34,19,Urban,0
80,15,Rural,0
53,19,Rural,1
25,12,Suburban,1
86,1,Rural,2
53,1,Suburban,1
45,13,Rural,1
64,3,Urban,0
47,16,Rural,0
40,12,Suburban,0
33,3,Rural,0
31,2,Urban,2
88,11,Urban,2
69,7,Urban,0
54,1,Urban,0
46,5,Rural,2
84,9,Urban,0
32,11,Suburban,2
64,9,Urban,0
63,9,Urban,0
69,2,Rural,0
36,19,Urban,0
38,9,Suburban,1
81,8,Urban,1
54,19,Urban,1
44,18,Suburban,0
72,13,Rural,1
46,1,Urban,1
37,4,Urban,0
42,19,Suburban,2
87,7,Suburban,1
80,6,Suburban,0
53,5,Urban,0
19,10,Suburban,0
39,11,Urban,0
33,17,Urban,0
35,18,Suburban,0
86,9,Urban,1
71,13,Urban,2
47,2,Urban,0
62,17,Urban,0
36,14,Suburban,1
51,5,Rural,0
30,9,Urban,1
60,11,Rural,0
79,6,Suburban,0
39,16,Suburban,2
69,0,Urban,0
69,17,Suburban,2
53,14,Suburban,0
36,18,Urban,1
55,0,Urban,0
87,4,Urban,1
74,14,Suburban,1
37,2,Urban,1
26,0,Rural,1
49,7,Urban,1
21,11,Suburban,0
67,18,Urban,0
22,11,Suburban,0
37,12,Suburban,1
54,0,Urban,0
39,18,Rural,0
75,5,Urban,1
85,7,Suburban,0
61,3,Rural,1
51,4,Urban,0
59,6,Urban,1
26,3,Urban,0
24,19,Suburban,0
85,3,Rural,1
36,14,Suburban,0
48,4,Urban,0
52,8,Urban,1
74,1,Suburban,1
78,6,Urban,1
48,16,Suburban,0
70,15,Urban,1
49,16,Urban,1
83,19,Rural,0
76,1,Suburban,2
27,10,Suburban,0
19,1,Urban,0
83,0,Urban,1
77,1,Rural,0
34,8,Rural,0
33,1,Suburban,1
33,14,Urban,0
63,9,Suburban,0
56,14,Rural,0
48,9,Suburban,0
18,16,Rural,2
28,8,Urban,1
21,17,Suburban,0
88,3,Rural,1
43,8,Suburban,0
67,15,Suburban,1
29,3,Rural,2
82,15,Rural,0
64,18,Urban,0
70,0,Urban,0
88,5,Urban,0
19,9,Urban,1
41,15,Urban,0
21,3,Urban,0
36,12,Urban,0
43,15,Urban,1
57,19,Urban,1
67,5,Urban,0
60,10,Rural,0
84,2,Rural,0
29,19,Urban,1
84,9,Rural,1
44,0,Suburban,1
71,19,Urban,0
83,10,Rural,0
66,11,Suburban,0
33,13,Suburban,1
19,7,Urban,0
77,10,Rural,0
71,3,Urban,0
47,6,Rural,1
55,9,Suburban,1
45,18,Rural,2
42,3,Suburban,0
27,1,Urban,1
77,17,Suburban,1
59,13,Rural,0
57,15,Urban,1
59,10,Rural,0
64,9,Urban,1
54,16,Urban,3
39,13,Suburban,0
74,3,Urban,1
44,18,Suburban,0
58,1,Urban,1
51,6,Urban,0
49,8,Suburban,0
83,18,Urban,0
29,15,Rural,0
57,15,Rural,1
27,17,Rural,0
65,10,Suburban,1
37,6,Rural,1
56,8,Urban,1
77,3,Suburban,0
83,12,Urban,0
82,3,Rural,0
68,18,Suburban,0
53,1,Rural,1
41,8,Suburban,1
44,11,Rural,0
19,1,Suburban,0
48,5,Suburban,3
74,4,Urban,1
83,4,Urban,1
46,19,Rural,0
32,4,Suburban,0
29,3,Urban,0
45,8,Urban,0
41,9,Urban,0
38,15,Suburban,0
27,9,Rural,0
35,9,Urban,1
31,18,Urban,0
51,9,Urban,1
75,5,Urban,0
39,16,Urban,0
87,4,Suburban,0
53,5,Suburban,0
62,14,Urban,0
53,18,Urban,0
39,17,Urban,1
78,3,Rural,0
73,7,Urban,0
50,15,Urban,0
62,18,Urban,1
53,19,Suburban,1
37,2,Suburban,1
35,9,Rural,0
55,1,Urban,1
84,3,Suburban,0
40,5,Suburban,1
33,10,Urban,0
76,13,Urban,0
86,15,Rural,2
85,18,Urban,0
38,1,Urban,0
87,16,Rural,0
29,8,Rural,0
33,16,Urban,0
31,14,Rural,0
78,6,Suburban,0
88,18,Urban,0
63,2,Rural,1
49,0,Urban,0
32,3,Urban,0
61,17,Rural,0
34,7,Urban,0
58,18,Urban,2
71,5,Urban,1
61,0,Rural,0
22,7,Suburban,2
44,0,Urban,0
60,18,Rural,1
48,10,Urban,2
34,14,Rural,3
71,10,Urban,0
79,18,Rural,0
49,9,Suburban,0
57,11,Suburban,0
30,0,Urban,0
52,6,Suburban,1
22,16,Urban,0
46,9,Suburban,0
87,5,Urban,1
42,16,Urban,0
39,17,Urban,1
83,4,Urban,0
62,17,Suburban,2
86,16,Suburban,2
89,15,Rural,0
18,7,Suburban,0
61,12,Suburban,0
56,15,Urban,0
71,10,Urban,1
46,5,Urban,1
71,2,Urban,0
33,0,Urban,0
37,17,Urban,0
63,4,Urban,0
84,12,Urban,1
82,9,Suburban,0
75,4,Urban,1
70,13,Rural,0
18,16,Rural,0
83,0,Rural,1
46,1,Urban,0
87,6,Urban,0
25,9,Urban,1
46,19,Urban,1
68,6,Urban,0
50,15,Rural,1
20,4,Rural,0
77,11,Rural,0
52,16,Urban,0
86,15,Urban,0
37,19,Suburban,1
56,15,Urban,0
21,18,Suburban,1
36,14,Suburban,0
62,11,Urban,1
60,9,Urban,1
30,1,Rural,0
30,6,Urban,0
77,12,Urban,0
74,2,Urban,3
69,14,Urban,2
70,0,Rural,1
60,2,Suburban,0
89,9,Urban,1
89,14,Suburban,0
59,5,Suburban,0
43,19,Suburban,1
40,14,Suburban,0
60,6,Urban,0
45,4,Urban,0
26,3,Rural,1
37,17,Rural,0
73,2,Suburban,0
56,16,Suburban,1
68,17,Rural,1
29,17,Urban,0
72,1,Urban,5
28,12,Urban,1
43,14,Rural,0
59,4,Rural,0
44,2,Suburban,1
28,4,Rural,1
55,4,Suburban,0
60,4,Rural,0
36,2,Suburban,0
81,2,Urban,0
23,19,Suburban,0
63,17,Rural,1
59,19,Urban,0
82,3,Urban,0
89,0,Suburban,1
76,15,Urban,1
69,7,Rural,0
64,16,Urban,1
24,7,Rural,0
28,6,Suburban,0
78,7,Urban,0
85,11,Urban,0
42,15,Suburban,1
29,11,Suburban,0
43,18,Suburban,0
29,9,Urban,3
60,6,Urban,1
68,11,Urban,0
54,19,Suburban,0
63,4,Urban,0
70,15,Urban,0
30,8,Urban,1
71,6,Urban,0
74,19,Suburban,0
21,13,Urban,0
66,10,Rural,0
24,6,Suburban,0
28,9,Urban,0
71,8,Rural,0
62,3,Suburban,0
40,15,Suburban,0
45,9,Urban,0
74,18,Urban,0
43,16,Urban,0
42,8,Suburban,1
71,12,Suburban,0
46,0,Rural,3
53,1,Urban,0
31,12,Urban,0
52,8,Rural,2
47,6,Rural,1
34,15,Suburban,0
84,18,Urban,3
47,6,Urban,0
62,5,Urban,0
68,17,Urban,1
64,18,Urban,0
70,10,Urban,0
81,11,Urban,0
55,9,Urban,0
81,12,Urban,1
24,11,Suburban,0
39,9,Urban,1
58,19,Rural,1
27,17,Suburban,1
74,3,Rural,0
24,4,Suburban,2
67,4,Urban,1
69,11,Suburban,1
50,2,Suburban,0
18,7,Suburban,0
70,1,Urban,0
77,17,Urban,0
51,8,Urban,0
21,12,Rural,0
34,6,Suburban,0
21,9,Urban,0
60,8,Rural,1
21,14,Rural,2
18,4,Urban,1
88,11,Suburban,0
67,0,Suburban,0
78,11,Urban,0
52,5,Rural,1
25,18,Urban,0
41,18,Rural,1
53,15,Suburban,0
67,18,Suburban,0
60,2,Urban,2
44,9,Urban,0
49,17,Urban,0
35,12,Rural,0
45,17,Urban,1
46,2,Rural,0
33,2,Urban,2
64,11,Urban,0
76,19,Urban,0
48,6,Suburban,0
21,7,Suburban,1
54,8,Urban,2
34,13,Urban,0
56,4,Rural,2
65,18,Urban,0
63,15,Rural,0
65,11,Suburban,1
56,3,Rural,0
21,7,Rural,0
47,6,Rural,1
47,14,Suburban,1
39,5,Suburban,1
83,4,Rural,0
29,13,Urban,1
53,12,Rural,1
35,9,Urban,1
70,17,Rural,0
88,3,Rural,1
18,7,Urban,0
75,10,Urban,0
23,16,Rural,0
87,17,Suburban,1
61,10,Rural,0
89,15,Rural,1
41,11,Urban,0
36,12,Rural,0
35,15,Urban,0
47,0,Rural,0
59,15,Urban,1
50,14,Rural,0
29,5,Urban,0
44,11,Urban,0
56,7,Suburban,1
26,6,Urban,1
38,1,Urban,1
46,11,Rural,1
50,13,Suburban,0
79,15,Urban,2
32,10,Suburban,2
19,19,Suburban,0
69,8,Urban,0
61,9,Urban,0
71,16,Urban,1
35,11,Suburban,0
20,5,Urban,1
24,18,Urban,4
60,10,Rural,0
55,8,Rural,0
54,5,Urban,0
75,15,Rural,1
50,19,Urban,2
76,15,Urban,0
28,5,Rural,0
85,4,Suburban,2
85,3,Urban,0
39,1,Suburban,0
83,5,Rural,1
61,8,Urban,0
23,16,Suburban,3
59,13,Urban,1
42,6,Suburban,0
74,18,Suburban,0
72,0,Urban,0
33,19,Urban,0
31,14,Urban,1
56,17,Urban,1
45,2,Urban,0
68,17,Urban,1
66,1,Rural,0
26,9,Urban,1
75,10,Suburban,1
62,2,Suburban,1
39,6,Rural,1
49,7,Suburban,0
86,18,Urban,1
86,17,Urban,0
59,12,Rural,1
70,12,Rural,0
76,18,Rural,0
56,11,Suburban,1
32,16,Suburban,0
88,11,Rural,2
46,12,Suburban,1
20,11,Urban,0
27,18,Urban,0
46,13,Suburban,2
52,6,Urban,0
23,12,Urban,0
29,5,Urban,1
55,18,Rural,1
36,18,Urban,0
84,3,Rural,2
25,18,Urban,0
25,8,Urban,2
64,15,Urban,0
21,3,Urban,0
68,5,Suburban,0
84,7,Urban,1
62,15,Urban,1
25,4,Rural,0
33,9,Rural,0
84,12,Urban,0
26,13,Urban,0
77,6,Suburban,0
88,19,Rural,1
32,5,Urban,2
88,6,Rural,1
58,4,Urban,1
39,17,Urban,0
41,11,Rural,0
61,5,Suburban,3
18,0,Urban,0
27,3,Suburban,3
89,18,Urban,0
73,11,Urban,1
67,14,Urban,1
29,2,Urban,1
77,19,Suburban,1
43,7,Rural,1
58,10,Urban,2
53,15,Suburban,1
40,8,Suburban,0
